Customer_ID,Customer_Name,Customer_Type,Age,Gender,State,Email,Phone,Registration_Date
CUST0001,Rajesh Agarwal,Wholesale,74,Female,Madhya Pradesh,rajesh736@gmail.com,+91 6475305327,2021-01-23
CUST0002,Pooja Mehta,Retail,75,Female,Maharashtra,pooja174@outlook.com,+91 6854663804,2022-09-08
CUST0003,Sunil Deshmukh,Retail,49,Female,Rajasthan,sunil517@outlook.com,+91 9067985169,2020-09-17
CUST0004,Alok Chatterjee,Retail,64,Male,Andhra Pradesh,alok769@yahoo.com,+91 6564434600,2020-08-12
CUST0005,Vikram Singh,Wholesale,40,Male,Rajasthan,vikram23@outlook.com,+91 7015780972,2020-04-16
CUST0006,Meena Sharma,Distributor,45,Male,Uttar Pradesh,meena306@yahoo.com,+91 8087050235,2020-06-18
CUST0007,Vikram Chatterjee,Wholesale,29,Male,Tamil Nadu,vikram297@gmail.com,+91 9711568182,2021-06-23
CUST0008,Pooja Reddy,Retail,48,Male,Odisha,pooja811@gmail.com,+91 9011394625,2022-10-25
CUST0009,Neha Singh,Corporate,32,Female,Gujarat,neha145@yahoo.com,+91 6164782560,2021-07-14
CUST0010,Pooja Sharma,Retail,57,Male,Tamil Nadu,pooja103@gmail.com,+91 7633602176,2022-04-14
CUST0011,Deepak Rao,Retail,39,Female,Haryana,deepak500@gmail.com,+91 8189847872,2022-05-24
CUST0012,Ramesh Agarwal,Retail,35,Male,Delhi,ramesh738@yahoo.com,+91 7060722221,2021-10-17
CUST0013,Rajesh Patel,Distributor,60,Male,Odisha,rajesh339@gmail.com,+91 7225427052,2022-08-24
CUST0014,Pooja Nair,Distributor,34,Female,Uttar Pradesh,pooja382@yahoo.com,,2020-08-16
CUST0015,Siddharth Singh,Retail,39,Male,Delhi,siddharth769@yahoo.com,+91 9190868713,2023-04-21
CUST0016,Ramesh Reddy,Retail,55,Male,Haryana,ramesh99@gmail.com,+91 6560430538,2023-07-13
CUST0017,Neha Reddy,Retail,30,Male,Odisha,neha466@gmail.com,+91 6321605430,2023-01-24
CUST0018,Rohan Reddy,Wholesale,52,Male,Odisha,rohan167@gmail.com,+91 6549034032,2021-01-27
CUST0019,Siddharth Agarwal,Distributor,75,Female,Delhi,siddharth469@outlook.com,+91 9080891187,2020-08-28
CUST0020,Pooja Chatterjee,Retail,50,Male,Kerala,pooja32@gmail.com,+91 8573345379,2021-07-15
CUST0021,Amit Patel,Distributor,68,Female,Odisha,amit204@outlook.com,+91 9498394781,2022-03-25
CUST0022,Gaurav Verma,Retail,28,Female,Uttar Pradesh,gaurav778@outlook.com,+91 7649913500,2023-02-25
CUST0023,Ramesh Reddy,Retail,29,Female,Maharashtra,ramesh173@outlook.com,+91 6935477031,2023-04-27
CUST0024,Gaurav Kulkarni,Distributor,50,Male,Odisha,gaurav747@outlook.com,+91 7111686236,2021-09-13
CUST0025,Ramesh Mishra,Wholesale,25,Female,Karnataka,ramesh239@gmail.com,+91 8291647639,2021-05-02
CUST0026,Ramesh Singh,Retail,35,Male,Madhya Pradesh,ramesh819@gmail.com,+91 8759143335,2021-05-24
CUST0027,Sunil Sharma,Corporate,59,Female,Delhi,sunil657@outlook.com,+91 7585316069,2021-10-26
CUST0028,Siddharth Joshi,Retail,64,Male,Karnataka,siddharth428@outlook.com,+91 7266565855,2021-10-26
CUST0029,Rajesh Agarwal,Retail,32,Female,Odisha,rajesh998@yahoo.com,+91 6759072075,2021-06-08
CUST0030,Neha Gupta,Wholesale,64,Male,Odisha,neha714@yahoo.com,+91 8808155776,2021-06-11
CUST0031,Siddharth Reddy,Retail,70,Male,Uttar Pradesh,siddharth235@yahoo.com,+91 7154459322,2021-02-21
CUST0032,Alok Singh,Retail,46,Female,Tamil Nadu,alok757@outlook.com,+91 7863601606,2022-01-24
CUST0033,Rohan Nair,Retail,47,Female,Karnataka,rohan845@gmail.com,+91 6811147196,2023-03-12
CUST0034,Suresh Sharma,Retail,37,Male,Karnataka,suresh916@gmail.com,+91 9511132351,2022-03-18
CUST0035,Vikram Verma,Retail,45,Female,Tamil Nadu,vikram475@outlook.com,+91 7728742796,2020-07-24
CUST0036,Rajesh Gupta,Corporate,42,Female,Haryana,rajesh31@gmail.com,+91 9550057836,2020-01-28
CUST0037,Amit Singh,Corporate,33,Male,Kerala,amit95@yahoo.com,+91 6612615256,2023-07-08
CUST0038,Rajesh Gupta,Retail,52,Female,Odisha,rajesh847@yahoo.com,+91 9662405421,2020-06-23
CUST0039,Neha Kulkarni,Distributor,70,Female,Karnataka,neha324@yahoo.com,+91 8056895862,2020-11-12
CUST0040,Ramesh Mishra,Retail,25,Female,Maharashtra,ramesh854@gmail.com,+91 6441588386,2023-01-20
CUST0041,Pooja Singh,Distributor,18,Male,Andhra Pradesh,pooja239@gmail.com,+91 6973562329,2022-05-24
CUST0042,Suresh Rao,Wholesale,74,Male,West Bengal,suresh403@outlook.com,+91 9797712796,2020-08-18
CUST0043,Deepak Gupta,Corporate,36,Male,Delhi,deepak88@outlook.com,+91 7433337060,2020-08-30
CUST0044,Priya Patel,Wholesale,56,Male,Karnataka,priya192@yahoo.com,+91 8278396996,2021-11-16
CUST0045,Vikram Chawla,Retail,57,Female,Madhya Pradesh,vikram303@yahoo.com,+91 9759823710,2020-07-31
CUST0046,Manoj Joshi,Wholesale,69,Male,Andhra Pradesh,manoj738@gmail.com,+91 9388111272,2020-01-05
CUST0047,Vikram Mehta,Distributor,27,Male,Haryana,vikram467@outlook.com,+91 9422447856,2022-09-06
CUST0048,Pooja Joshi,Wholesale,27,Female,Gujarat,pooja340@gmail.com,+91 6781135743,2022-02-27
CUST0049,Rohan Deshmukh,Retail,56,Male,Kerala,rohan661@yahoo.com,+91 6593655861,2023-09-01
CUST0050,Siddharth Banerjee,Wholesale,52,Male,Rajasthan,siddharth514@outlook.com,+91 8303015404,2021-04-16
CUST0051,Pooja Chatterjee,Wholesale,54,Female,Kerala,pooja720@outlook.com,,2020-06-27
CUST0052,Rajesh Agarwal,Retail,53,Female,Uttar Pradesh,,+91 9955252994,2020-08-13
CUST0053,Vikram Chawla,Corporate,47,Female,Karnataka,vikram865@outlook.com,+91 9921107182,2022-05-12
CUST0054,Amit Singh,Distributor,25,Female,Odisha,amit730@gmail.com,+91 7621181725,2020-02-23
CUST0055,Amit Gupta,Wholesale,60,Male,Punjab,amit85@yahoo.com,,2023-05-01
CUST0056,Manoj Singh,Retail,23,Female,Tamil Nadu,manoj88@gmail.com,+91 8444623028,2022-05-02
CUST0057,Vikram Chatterjee,Wholesale,62,Male,Telangana,vikram491@yahoo.com,+91 9103360508,2021-11-21
CUST0058,Rajesh Chawla,Retail,25,Female,Karnataka,rajesh71@outlook.com,+91 6137950504,2023-05-22
CUST0059,Rajesh Bhatnagar,Retail,71,Female,Haryana,rajesh706@yahoo.com,+91 8380081556,2021-06-12
CUST0060,Deepak Deshmukh,Retail,28,Male,Telangana,deepak104@outlook.com,+91 7621609047,2020-09-13
CUST0061,Amit Rao,Retail,43,Male,Karnataka,amit852@outlook.com,+91 8402150664,2023-05-24
CUST0062,Ananya Banerjee,Wholesale,38,Male,West Bengal,ananya667@yahoo.com,+91 9553027488,2022-02-18
CUST0063,Pooja Reddy,Distributor,35,Male,Gujarat,pooja116@gmail.com,+91 7557791621,2023-05-20
CUST0064,Deepak Chawla,Retail,28,Male,Rajasthan,,+91 6910146281,2023-05-07
CUST0065,Anil Mishra,Retail,30,Female,West Bengal,anil961@gmail.com,+91 7032231634,2021-07-05
CUST0066,Amit Banerjee,Corporate,20,Male,Maharashtra,amit332@gmail.com,+91 7325447786,2020-01-18
CUST0067,Alok Chatterjee,Retail,30,Male,Delhi,alok779@yahoo.com,+91 9116806763,2021-12-29
CUST0068,Sunil Mehta,Wholesale,44,Female,Andhra Pradesh,sunil769@outlook.com,+91 6433804094,2022-10-25
CUST0069,Neha Bhatnagar,Distributor,48,Male,Punjab,neha899@gmail.com,+91 7246053272,2020-11-26
CUST0070,Priya Rao,Distributor,74,Male,Tamil Nadu,priya836@outlook.com,+91 8809854155,2020-10-15
CUST0071,Gaurav Chatterjee,Distributor,64,Male,Punjab,gaurav677@outlook.com,+91 9995295408,2021-11-30
CUST0072,Suresh Agarwal,Corporate,57,Female,Madhya Pradesh,suresh972@yahoo.com,+91 6171854104,2023-10-30
CUST0073,Meena Verma,Retail,27,Male,Punjab,meena652@yahoo.com,+91 6418355752,2020-01-31
CUST0074,Siddharth Verma,Corporate,49,Male,Gujarat,siddharth475@yahoo.com,+91 6728931686,2021-08-28
CUST0075,Manoj Agarwal,Retail,23,Female,Gujarat,manoj193@outlook.com,+91 9315459242,2022-08-01
CUST0076,Ramesh Kulkarni,Distributor,59,Female,Andhra Pradesh,,+91 8442691577,2022-09-26
CUST0077,Alok Deshmukh,Wholesale,72,Male,Punjab,alok949@outlook.com,+91 6553983072,2022-06-21
CUST0078,Vijay Agarwal,Corporate,23,Male,West Bengal,vijay433@outlook.com,+91 7933131613,2021-06-22
CUST0079,Amit Patel,Retail,65,Female,Kerala,,+91 9527177605,2023-02-22
CUST0080,Suresh Bhatnagar,Wholesale,28,Female,Punjab,suresh418@gmail.com,+91 6957998014,2022-03-06
CUST0081,Manoj Kulkarni,Retail,47,Female,West Bengal,manoj557@yahoo.com,+91 6468662769,2020-06-24
CUST0082,Alok Deshmukh,Retail,30,Male,Haryana,alok346@gmail.com,+91 7362728097,2021-12-02
CUST0083,Rohan Gupta,Distributor,35,Female,Uttar Pradesh,rohan49@outlook.com,+91 6668902988,2022-08-20
CUST0084,Neha Patel,Retail,56,Female,Kerala,neha399@gmail.com,+91 9472625285,2022-01-10
CUST0085,Anil Patel,Retail,31,Male,Madhya Pradesh,anil33@outlook.com,+91 7816429086,2021-07-06
CUST0086,Vikram Verma,Retail,35,Female,Haryana,vikram93@yahoo.com,+91 9752838863,2022-07-13
CUST0087,Ramesh Nair,Corporate,71,Female,Maharashtra,ramesh104@yahoo.com,+91 7468961055,2021-08-31
CUST0088,Pooja Banerjee,Corporate,48,Female,Rajasthan,pooja715@gmail.com,+91 8992261129,2022-06-13
CUST0089,Alok Sharma,Distributor,53,Female,Kerala,alok925@outlook.com,+91 6852808613,2020-06-08
CUST0090,Vikram Mehta,Distributor,60,Female,Madhya Pradesh,,+91 9190457798,2021-10-10
CUST0091,Vikram Banerjee,Retail,73,Female,Delhi,vikram126@outlook.com,,2021-06-22
CUST0092,Ananya Singh,Retail,58,Male,Uttar Pradesh,ananya664@outlook.com,+91 6418527641,2020-03-15
CUST0093,Pooja Mishra,Corporate,67,Male,Karnataka,pooja625@yahoo.com,+91 6928302572,2021-12-13
CUST0094,Neha Sharma,Retail,41,Female,Madhya Pradesh,neha382@gmail.com,+91 7296841600,2021-09-20
CUST0095,Rohan Kulkarni,Retail,44,Male,Haryana,rohan370@yahoo.com,+91 9557031170,2023-01-15
CUST0096,Vijay Gupta,Retail,29,Male,Uttar Pradesh,vijay448@yahoo.com,+91 6759758936,2023-02-06
CUST0097,Alok Chawla,Retail,72,Male,West Bengal,alok715@outlook.com,+91 7879021004,2023-07-22
CUST0098,Sunil Verma,Retail,69,Female,Madhya Pradesh,sunil116@gmail.com,+91 8790116381,2020-02-03
CUST0099,Rohan Mishra,Retail,24,Male,West Bengal,rohan464@outlook.com,+91 8496379214,2020-03-07
CUST0100,Anil Rao,Retail,67,Male,Uttar Pradesh,anil574@yahoo.com,+91 6491778504,2021-02-04
CUST0101,Manoj Kulkarni,Distributor,44,Male,Andhra Pradesh,,+91 9022948116,2022-03-21
CUST0102,Deepak Chatterjee,Retail,36,Male,Telangana,deepak910@outlook.com,+91 7136014867,2021-09-21
CUST0103,Pooja Rao,Wholesale,18,Male,Andhra Pradesh,,+91 6140336385,2020-02-01
CUST0104,Gaurav Mehta,Retail,39,Female,Karnataka,gaurav992@outlook.com,+91 7846920487,2021-05-10
CUST0105,Meena Bhatnagar,Corporate,71,Female,Maharashtra,meena830@outlook.com,+91 7842980985,2020-09-20
CUST0106,Sanjay Bhatnagar,Distributor,75,Female,Delhi,sanjay539@gmail.com,+91 7878625527,2021-04-18
CUST0107,Gaurav Gupta,Retail,58,Female,Punjab,gaurav813@yahoo.com,+91 9620789401,2023-07-08
CUST0108,Sanjay Mehta,Retail,31,Male,Gujarat,sanjay105@gmail.com,+91 7878709078,2020-01-24
CUST0109,Rajesh Mishra,Wholesale,23,Male,Punjab,rajesh401@gmail.com,+91 9188324405,2020-09-24
CUST0110,Manoj Nair,Corporate,33,Male,West Bengal,manoj929@gmail.com,+91 7275272470,2021-01-31
CUST0111,Alok Joshi,Corporate,60,Female,Maharashtra,,+91 6617485408,2023-07-08
CUST0112,Sunil Gupta,Retail,47,Male,Andhra Pradesh,sunil620@gmail.com,+91 6459890737,2020-10-17
CUST0113,Priya Verma,Wholesale,49,Male,Madhya Pradesh,priya380@gmail.com,,2020-07-25
CUST0114,Priya Banerjee,Distributor,58,Female,Gujarat,priya225@outlook.com,+91 7803487332,2022-02-07
CUST0115,Ananya Nair,Corporate,29,Female,Telangana,ananya20@gmail.com,+91 8833245594,2023-03-07
CUST0116,Sunil Mehta,Retail,40,Male,Uttar Pradesh,sunil638@outlook.com,+91 8347125656,2020-01-11
CUST0117,Sunil Reddy,Wholesale,56,Male,Maharashtra,sunil558@gmail.com,+91 8224771260,2022-11-14
CUST0118,Manoj Gupta,Distributor,75,Male,Tamil Nadu,manoj40@yahoo.com,+91 6595132228,2021-03-26
CUST0119,Vikram Joshi,Retail,35,Male,Uttar Pradesh,vikram214@gmail.com,+91 7497025361,2023-02-03
CUST0120,Rohan Deshmukh,Distributor,50,Male,Haryana,rohan954@gmail.com,+91 7074141917,2020-12-20
CUST0121,Ramesh Bhatnagar,Distributor,24,Female,Punjab,ramesh822@outlook.com,+91 7338247946,2020-12-05
CUST0122,Rohan Deshmukh,Wholesale,74,Male,Uttar Pradesh,rohan443@outlook.com,+91 9208681024,2021-07-10
CUST0123,Meena Bhatnagar,Retail,45,Female,Tamil Nadu,meena590@yahoo.com,+91 7606148055,2023-07-19
CUST0124,Amit Chatterjee,Distributor,34,Female,Punjab,amit429@yahoo.com,+91 8593653847,2023-08-14
CUST0125,Alok Sharma,Corporate,25,Female,Karnataka,alok838@yahoo.com,+91 7844202253,2021-01-15
CUST0126,Manoj Agarwal,Retail,27,Female,Kerala,manoj331@gmail.com,+91 6041373427,2021-10-14
CUST0127,Anil Kulkarni,Distributor,54,Female,Kerala,anil339@gmail.com,+91 8412227961,2020-05-15
CUST0128,Gaurav Reddy,Retail,24,Female,Rajasthan,gaurav294@outlook.com,+91 8610929406,2023-10-06
CUST0129,Pooja Deshmukh,Distributor,38,Male,Madhya Pradesh,pooja337@gmail.com,+91 6846637941,2020-04-11
CUST0130,Ramesh Deshmukh,Distributor,25,Male,Gujarat,ramesh473@gmail.com,+91 8583125110,2021-10-31
CUST0131,Rajesh Chawla,Retail,19,Male,West Bengal,rajesh812@outlook.com,+91 6019958752,2022-08-03
CUST0132,Alok Patel,Distributor,75,Male,Rajasthan,alok950@outlook.com,+91 6168020173,2021-11-21
CUST0133,Sunil Deshmukh,Wholesale,64,Female,Telangana,sunil291@yahoo.com,+91 9237083706,2021-12-09
CUST0134,Vijay Banerjee,Distributor,57,Male,Maharashtra,vijay412@yahoo.com,+91 8991259771,2022-07-19
CUST0135,Sunil Agarwal,Retail,57,Male,Gujarat,sunil39@gmail.com,+91 6205446492,2020-01-22
CUST0136,Pooja Rao,Retail,28,Male,Gujarat,pooja205@outlook.com,+91 9875247979,2022-01-25
CUST0137,Rajesh Patel,Corporate,34,Female,Andhra Pradesh,rajesh813@gmail.com,+91 6475897833,2020-04-08
CUST0138,Vijay Bhatnagar,Retail,35,Female,Odisha,vijay184@gmail.com,+91 8505912440,2022-08-01
CUST0139,Vikram Deshmukh,Distributor,58,Male,Uttar Pradesh,vikram694@gmail.com,+91 8240958047,2022-12-16
CUST0140,Rohan Joshi,Wholesale,38,Male,Kerala,rohan758@yahoo.com,+91 6969934690,2020-07-07
CUST0141,Priya Agarwal,Wholesale,53,Male,Madhya Pradesh,priya903@gmail.com,+91 8832448381,2023-08-18
CUST0142,Priya Verma,Distributor,49,Male,Maharashtra,priya227@gmail.com,+91 8879771081,2021-03-18
CUST0143,Rohan Gupta,Retail,39,Female,Tamil Nadu,rohan843@outlook.com,+91 9271057961,2022-12-16
CUST0144,Suresh Kulkarni,Corporate,59,Male,Karnataka,suresh878@outlook.com,+91 6453808274,2020-09-23
CUST0145,Ananya Chatterjee,Retail,30,Female,Kerala,ananya419@gmail.com,+91 6294803584,2021-07-23
CUST0146,Neha Gupta,Retail,27,Female,Uttar Pradesh,neha907@gmail.com,+91 9199862297,2020-08-13
CUST0147,Sanjay Joshi,Retail,19,Male,Uttar Pradesh,sanjay687@outlook.com,+91 7944077950,2021-12-21
CUST0148,Priya Agarwal,Retail,45,Male,Tamil Nadu,priya164@yahoo.com,,2022-06-01
CUST0149,Ramesh Agarwal,Distributor,24,Female,Maharashtra,ramesh674@yahoo.com,+91 9143922961,2022-05-15
CUST0150,Sanjay Joshi,Corporate,51,Male,Punjab,sanjay515@outlook.com,+91 7862148968,2020-08-11
CUST0151,Sunil Rao,Retail,25,Female,Maharashtra,sunil926@gmail.com,+91 8470596220,2021-06-29
CUST0152,Ramesh Rao,Retail,74,Female,Punjab,ramesh726@outlook.com,+91 7737569388,2022-03-13
CUST0153,Ramesh Banerjee,Corporate,31,Male,Karnataka,ramesh814@gmail.com,+91 7493072850,2023-07-28
CUST0154,Rajesh Gupta,Corporate,29,Male,Rajasthan,rajesh939@outlook.com,+91 8671977972,2022-09-03
CUST0155,Deepak Nair,Retail,38,Male,West Bengal,deepak81@gmail.com,+91 6804638123,2021-11-11
CUST0156,Rajesh Banerjee,Retail,45,Female,Delhi,rajesh31@gmail.com,+91 7133150622,2020-06-06
CUST0157,Rajesh Agarwal,Retail,48,Male,Punjab,rajesh11@yahoo.com,,2021-05-21
CUST0158,Rajesh Chawla,Corporate,71,Female,Tamil Nadu,rajesh547@outlook.com,+91 6718568378,2020-10-27
CUST0159,Vijay Kulkarni,Distributor,49,Male,Odisha,vijay369@outlook.com,+91 7105264780,2023-09-20
CUST0160,Rajesh Agarwal,Retail,37,Male,Odisha,rajesh351@outlook.com,+91 9326565090,2023-09-21
CUST0161,Meena Banerjee,Distributor,25,Male,Telangana,,+91 9127661948,2023-08-03
CUST0162,Deepak Singh,Retail,40,Male,Uttar Pradesh,deepak41@gmail.com,+91 8480705258,2022-06-01
CUST0163,Anil Bhatnagar,Wholesale,58,Male,Gujarat,anil998@yahoo.com,+91 9767304938,2023-07-07
CUST0164,Ananya Chatterjee,Retail,29,Male,Telangana,ananya942@outlook.com,+91 7498278103,2021-11-09
CUST0165,Ramesh Chawla,Distributor,30,Female,Maharashtra,ramesh603@outlook.com,+91 9014361099,2021-12-04
CUST0166,Ananya Agarwal,Retail,36,Female,Gujarat,ananya18@yahoo.com,+91 9982435523,2020-10-28
CUST0167,Suresh Mishra,Retail,60,Male,Karnataka,suresh320@yahoo.com,,2020-05-12
CUST0168,Amit Reddy,Distributor,36,Female,Madhya Pradesh,amit617@gmail.com,+91 6228463400,2022-09-27
CUST0169,Rajesh Patel,Retail,34,Male,Karnataka,rajesh368@yahoo.com,+91 9372680168,2022-10-25
CUST0170,Vikram Verma,Distributor,63,Female,Telangana,vikram156@outlook.com,+91 6844937806,2022-06-03
CUST0171,Deepak Patel,Distributor,48,Male,Andhra Pradesh,deepak373@gmail.com,+91 9486263997,2023-10-21
CUST0172,Sunil Joshi,Wholesale,37,Female,Punjab,sunil328@gmail.com,+91 8421964761,2022-06-11
CUST0173,Neha Singh,Retail,61,Female,Kerala,neha214@yahoo.com,+91 6582787332,2022-05-02
CUST0174,Priya Chawla,Wholesale,54,Male,Andhra Pradesh,priya653@yahoo.com,+91 8344324927,2021-01-10
CUST0175,Pooja Gupta,Wholesale,26,Female,Rajasthan,pooja462@outlook.com,+91 7345443425,2022-10-28
CUST0176,Ananya Agarwal,Distributor,45,Female,Uttar Pradesh,ananya440@yahoo.com,,2020-02-26
CUST0177,Pooja Verma,Corporate,66,Female,Karnataka,pooja639@yahoo.com,+91 9378559057,2021-05-11
CUST0178,Meena Mishra,Retail,75,Male,Punjab,meena908@yahoo.com,+91 6229935482,2022-03-15
CUST0179,Ananya Chatterjee,Retail,47,Female,Madhya Pradesh,ananya65@gmail.com,+91 6234903613,2021-07-07
CUST0180,Vijay Gupta,Distributor,70,Female,Telangana,vijay589@yahoo.com,+91 8966073929,2021-11-09
CUST0181,Neha Chatterjee,Corporate,65,Female,Odisha,neha64@outlook.com,+91 6880745100,2022-11-23
CUST0182,Rohan Singh,Wholesale,32,Female,Andhra Pradesh,rohan701@outlook.com,+91 9660410361,2020-11-12
CUST0183,Rajesh Banerjee,Retail,57,Male,Odisha,rajesh215@gmail.com,+91 6288372981,2020-01-01
CUST0184,Gaurav Gupta,Retail,33,Female,Tamil Nadu,gaurav116@yahoo.com,,2022-11-01
CUST0185,Sunil Chawla,Retail,43,Female,Uttar Pradesh,sunil198@gmail.com,+91 9615163315,2023-01-24
CUST0186,Ananya Gupta,Retail,45,Male,Karnataka,ananya661@gmail.com,+91 6793743692,2020-10-17
CUST0187,Sanjay Chatterjee,Retail,65,Female,Odisha,sanjay569@gmail.com,+91 8045084752,2022-09-10
CUST0188,Neha Banerjee,Retail,41,Male,West Bengal,neha291@yahoo.com,+91 7657087659,2020-08-07
CUST0189,Vikram Sharma,Retail,36,Male,Uttar Pradesh,vikram133@outlook.com,,2020-01-23
CUST0190,Meena Kulkarni,Wholesale,20,Female,Andhra Pradesh,meena938@yahoo.com,+91 6598304077,2022-08-16
CUST0191,Rajesh Nair,Wholesale,40,Male,Rajasthan,rajesh886@outlook.com,+91 6905293802,2021-12-15
CUST0192,Gaurav Verma,Distributor,29,Female,West Bengal,gaurav165@yahoo.com,+91 8817212424,2023-02-27
CUST0193,Vikram Joshi,Retail,68,Female,Kerala,vikram684@yahoo.com,+91 9966303239,2022-03-17
CUST0194,Rohan Bhatnagar,Wholesale,48,Male,Punjab,rohan684@gmail.com,+91 8474068470,2022-11-04
CUST0195,Vikram Mehta,Corporate,55,Female,Punjab,vikram366@outlook.com,,2022-04-06
CUST0196,Sanjay Rao,Corporate,24,Male,West Bengal,sanjay118@yahoo.com,+91 8917666948,2022-09-02
CUST0197,Deepak Gupta,Distributor,75,Male,Andhra Pradesh,deepak188@outlook.com,+91 9833141725,2022-02-25
CUST0198,Priya Patel,Retail,57,Male,Telangana,priya127@gmail.com,+91 9636986244,2020-05-29
CUST0199,Rajesh Nair,Retail,38,Male,Gujarat,rajesh725@yahoo.com,+91 7621903972,2020-09-29
CUST0200,Anil Reddy,Distributor,34,Male,Uttar Pradesh,anil458@outlook.com,+91 7228744350,2021-04-06
CUST0201,Gaurav Reddy,Wholesale,23,Male,Punjab,gaurav34@outlook.com,+91 8871865327,2020-07-16
CUST0202,Rajesh Agarwal,Wholesale,67,Female,Haryana,rajesh591@outlook.com,+91 9712961266,2020-05-27
CUST0203,Gaurav Banerjee,Distributor,30,Female,Madhya Pradesh,gaurav222@outlook.com,+91 9554410734,2022-08-28
CUST0204,Siddharth Singh,Corporate,69,Male,Gujarat,siddharth459@yahoo.com,+91 8686376206,2022-02-09
CUST0205,Vikram Chatterjee,Retail,37,Male,Gujarat,vikram130@yahoo.com,+91 6990305666,2020-04-15
CUST0206,Deepak Chawla,Distributor,71,Male,Telangana,deepak409@outlook.com,+91 7537191134,2020-05-19
CUST0207,Suresh Verma,Retail,52,Female,Punjab,suresh257@outlook.com,+91 8625287395,2022-10-21
CUST0208,Siddharth Gupta,Corporate,55,Male,Uttar Pradesh,,+91 8805610094,2020-03-02
CUST0209,Anil Mehta,Retail,74,Female,Kerala,anil70@gmail.com,+91 6877175367,2023-01-25
CUST0210,Amit Rao,Retail,49,Male,Gujarat,amit834@outlook.com,+91 9884041420,2023-06-03
CUST0211,Amit Agarwal,Retail,22,Male,Haryana,amit622@outlook.com,+91 8630378189,2020-06-14
CUST0212,Vikram Joshi,Retail,64,Male,Maharashtra,vikram116@gmail.com,+91 8132866657,2022-11-05
CUST0213,Rohan Chawla,Wholesale,68,Male,Madhya Pradesh,,+91 6092098088,2020-04-23
CUST0214,Anil Mishra,Retail,56,Male,Madhya Pradesh,anil398@outlook.com,,2020-02-07
CUST0215,Alok Singh,Distributor,45,Female,Odisha,alok447@outlook.com,+91 6591719508,2020-08-24
CUST0216,Manoj Agarwal,Distributor,30,Male,Delhi,manoj457@gmail.com,,2021-04-20
CUST0217,Pooja Mishra,Retail,54,Male,Maharashtra,pooja831@gmail.com,+91 9750605143,2021-05-26
CUST0218,Vikram Kulkarni,Retail,29,Male,Telangana,vikram54@yahoo.com,+91 7501810324,2023-05-18
CUST0219,Suresh Singh,Retail,56,Male,Haryana,suresh500@outlook.com,+91 6525602454,2023-09-06
CUST0220,Siddharth Reddy,Retail,49,Male,Odisha,siddharth762@yahoo.com,+91 9855335187,2021-03-27
CUST0221,Manoj Mishra,Wholesale,36,Male,Madhya Pradesh,manoj679@gmail.com,+91 8262778557,2021-07-01
CUST0222,Sunil Patel,Distributor,40,Male,Andhra Pradesh,sunil430@outlook.com,+91 8670918974,2022-09-22
CUST0223,Vikram Chatterjee,Retail,32,Male,Telangana,vikram769@outlook.com,+91 6905248698,2020-09-08
CUST0224,Vikram Patel,Distributor,33,Female,Odisha,vikram460@outlook.com,,2022-07-18
CUST0225,Amit Joshi,Retail,35,Male,Punjab,,+91 9552706111,2020-06-22
CUST0226,Alok Banerjee,Corporate,19,Female,Madhya Pradesh,alok401@yahoo.com,+91 7907050257,2020-03-31
CUST0227,Pooja Mishra,Wholesale,21,Female,West Bengal,pooja322@gmail.com,+91 8325935958,2021-12-13
CUST0228,Vijay Joshi,Distributor,69,Male,Kerala,vijay615@gmail.com,+91 9252373514,2020-02-26
CUST0229,Pooja Deshmukh,Distributor,68,Other,Odisha,pooja960@outlook.com,+91 9231536511,2020-04-26
CUST0230,Suresh Mishra,Distributor,47,Female,Haryana,suresh596@outlook.com,+91 8440843025,2022-11-28
CUST0231,Ananya Rao,Wholesale,26,Male,Andhra Pradesh,ananya25@yahoo.com,+91 9434208286,2023-10-29
CUST0232,Deepak Mishra,Wholesale,36,Male,Delhi,deepak594@yahoo.com,+91 6165812391,2023-06-14
CUST0233,Ramesh Sharma,Corporate,25,Male,Telangana,ramesh592@outlook.com,+91 7378638916,2021-06-25
CUST0234,Rajesh Kulkarni,Distributor,18,Male,Uttar Pradesh,rajesh47@yahoo.com,+91 8062477279,2023-07-30
CUST0235,Amit Verma,Retail,35,Male,Andhra Pradesh,amit634@outlook.com,+91 7348733670,2020-05-11
CUST0236,Ramesh Joshi,Wholesale,73,Male,Uttar Pradesh,ramesh140@gmail.com,+91 8707281860,2020-12-23
CUST0237,Amit Rao,Retail,25,Male,West Bengal,amit49@gmail.com,+91 8939653369,2022-11-03
CUST0238,Amit Mishra,Distributor,63,Female,Tamil Nadu,,+91 7112631668,2021-06-11
CUST0239,Manoj Mishra,Retail,63,Male,Maharashtra,manoj624@gmail.com,+91 7502077414,2020-08-11
CUST0240,Gaurav Verma,Wholesale,33,Male,Tamil Nadu,gaurav343@outlook.com,+91 7594976313,2023-10-26
CUST0241,Suresh Singh,Distributor,19,Female,Delhi,suresh631@yahoo.com,+91 7438752985,2022-04-15
CUST0242,Suresh Sharma,Retail,28,Female,Delhi,suresh55@yahoo.com,,2020-11-03
CUST0243,Meena Reddy,Distributor,69,Female,Delhi,meena533@outlook.com,+91 9353827223,2022-11-06
CUST0244,Anil Bhatnagar,Corporate,71,Male,Punjab,anil43@outlook.com,+91 9119261951,2020-11-03
CUST0245,Priya Verma,Wholesale,32,Male,Punjab,priya525@outlook.com,+91 8707222578,2023-01-27
CUST0246,Sunil Chatterjee,Wholesale,69,Female,Maharashtra,sunil631@yahoo.com,+91 8831232802,2022-12-10
CUST0247,Anil Chawla,Wholesale,33,Male,Delhi,anil258@yahoo.com,+91 6991668003,2022-07-22
CUST0248,Deepak Kulkarni,Retail,64,Male,Andhra Pradesh,deepak429@yahoo.com,+91 6342266249,2021-12-21
CUST0249,Manoj Banerjee,Retail,56,Female,Tamil Nadu,manoj469@yahoo.com,+91 6986825871,2023-03-12
CUST0250,Siddharth Rao,Wholesale,67,Female,Andhra Pradesh,siddharth427@outlook.com,+91 8511505035,2023-09-25
CUST0251,Suresh Mehta,Distributor,38,Female,Gujarat,suresh93@yahoo.com,+91 7808278260,2022-10-31
CUST0252,Anil Nair,Distributor,74,Male,Uttar Pradesh,anil25@gmail.com,+91 6518784128,2022-05-07
CUST0253,Rohan Gupta,Wholesale,26,Female,Madhya Pradesh,rohan44@yahoo.com,+91 6102784842,2020-12-07
CUST0254,Gaurav Bhatnagar,Retail,75,Female,Haryana,gaurav372@gmail.com,+91 7727940531,2023-02-14
CUST0255,Vijay Mehta,Wholesale,55,Female,Punjab,vijay641@gmail.com,+91 9101737697,2020-04-02
CUST0256,Ananya Deshmukh,Corporate,58,Male,Uttar Pradesh,ananya768@yahoo.com,+91 7242495973,2022-09-04
CUST0257,Neha Chatterjee,Retail,23,Female,Karnataka,neha927@gmail.com,+91 8549291951,2023-04-29
CUST0258,Alok Mehta,Retail,46,Male,Karnataka,alok530@outlook.com,+91 8525788145,2021-07-26
CUST0259,Suresh Banerjee,Distributor,39,Male,Maharashtra,suresh587@outlook.com,+91 9853881136,2022-12-11
CUST0260,Pooja Chawla,Retail,38,Female,Haryana,pooja336@gmail.com,+91 6615024545,2020-03-26
CUST0261,Anil Deshmukh,Retail,51,Female,Telangana,anil598@outlook.com,+91 7350197673,2020-07-22
CUST0262,Suresh Joshi,Retail,49,Male,Uttar Pradesh,suresh239@gmail.com,+91 7239007091,2021-06-15
CUST0263,Deepak Joshi,Distributor,27,Female,Gujarat,deepak221@outlook.com,,2022-11-07
CUST0264,Amit Mishra,Retail,52,Male,Kerala,amit209@gmail.com,+91 8097515527,2020-02-22
CUST0265,Neha Deshmukh,Corporate,64,Female,Uttar Pradesh,neha543@gmail.com,+91 9569280228,2022-07-18
CUST0266,Sunil Kulkarni,Distributor,74,Female,Haryana,sunil515@yahoo.com,+91 6373077289,2020-10-07
CUST0267,Sunil Agarwal,Distributor,69,Female,Gujarat,sunil772@gmail.com,+91 9123994242,2020-06-01
CUST0268,Ramesh Kulkarni,Retail,58,Male,Odisha,ramesh535@outlook.com,+91 9337385343,2020-05-31
CUST0269,Amit Deshmukh,Wholesale,24,Female,Andhra Pradesh,amit732@outlook.com,+91 7363768949,2021-01-24
CUST0270,Amit Sharma,Retail,33,Male,Karnataka,amit610@yahoo.com,+91 9745704637,2021-03-26
CUST0271,Vikram Banerjee,Distributor,70,Female,Karnataka,vikram761@yahoo.com,+91 7213756353,2020-09-26
CUST0272,Gaurav Reddy,Corporate,18,Male,Haryana,gaurav78@yahoo.com,+91 8395462859,2023-06-05
CUST0273,Pooja Joshi,Distributor,57,Other,Haryana,pooja656@outlook.com,+91 7008096625,2023-07-30
CUST0274,Sanjay Chawla,Distributor,71,Male,Tamil Nadu,sanjay906@yahoo.com,+91 8868934222,2022-09-20
CUST0275,Meena Agarwal,Wholesale,52,Male,Uttar Pradesh,meena312@gmail.com,+91 6940299467,2020-08-18
CUST0276,Suresh Deshmukh,Retail,46,Male,Delhi,suresh263@outlook.com,+91 7824782506,2020-08-25
CUST0277,Sunil Agarwal,Corporate,62,Male,Haryana,sunil731@gmail.com,+91 9322937931,2022-09-17
CUST0278,Meena Deshmukh,Wholesale,61,Female,Tamil Nadu,meena39@yahoo.com,+91 7150724227,2022-11-05
CUST0279,Pooja Patel,Retail,53,Female,Kerala,pooja340@yahoo.com,+91 8899055879,2021-10-12
CUST0280,Pooja Bhatnagar,Retail,34,Female,Andhra Pradesh,pooja65@yahoo.com,+91 8085229775,2021-03-24
CUST0281,Suresh Kulkarni,Wholesale,44,Female,Tamil Nadu,suresh596@gmail.com,+91 8302158748,2021-02-26
CUST0282,Meena Mehta,Retail,26,Female,Punjab,meena562@gmail.com,+91 9101948739,2020-02-13
CUST0283,Vijay Agarwal,Retail,67,Female,Kerala,vijay576@gmail.com,+91 8812909739,2020-04-10
CUST0284,Anil Nair,Retail,71,Male,Rajasthan,anil415@outlook.com,+91 6984984049,2021-08-17
CUST0285,Vijay Deshmukh,Distributor,31,Male,Rajasthan,vijay760@gmail.com,+91 6058587182,2020-03-14
CUST0286,Gaurav Gupta,Wholesale,50,Female,Haryana,gaurav820@yahoo.com,,2020-11-17
CUST0287,Deepak Patel,Retail,35,Male,Odisha,deepak136@yahoo.com,+91 8814388825,2022-03-31
CUST0288,Ramesh Verma,Retail,22,Male,Gujarat,,+91 9021463265,2022-04-30
CUST0289,Siddharth Singh,Distributor,24,Female,Odisha,siddharth612@yahoo.com,+91 6834443750,2023-05-25
CUST0290,Pooja Chatterjee,Distributor,65,Male,Maharashtra,pooja319@yahoo.com,+91 7970984707,2021-02-19
CUST0291,Neha Banerjee,Retail,42,Male,Telangana,neha449@gmail.com,+91 6954569156,2022-04-12
CUST0292,Siddharth Chatterjee,Corporate,33,Female,Haryana,siddharth27@yahoo.com,+91 9124835466,2022-03-17
CUST0293,Sunil Kulkarni,Retail,32,Female,Punjab,sunil35@yahoo.com,+91 9312303657,2021-04-20
CUST0294,Sunil Chawla,Wholesale,39,Male,Karnataka,sunil839@outlook.com,+91 6359207645,2020-07-14
CUST0295,Rohan Rao,Corporate,23,Female,Karnataka,rohan422@outlook.com,+91 9599484943,2022-08-27
CUST0296,Deepak Patel,Corporate,67,Female,Uttar Pradesh,deepak268@yahoo.com,,2021-11-22
CUST0297,Neha Deshmukh,Retail,73,Male,Maharashtra,neha284@outlook.com,+91 6898611007,2023-02-25
CUST0298,Vijay Rao,Wholesale,38,Female,Uttar Pradesh,vijay735@yahoo.com,+91 8209464812,2023-02-10
CUST0299,Priya Gupta,Retail,45,Female,Odisha,priya89@yahoo.com,+91 6546674084,2020-01-28
CUST0300,Sanjay Reddy,Distributor,46,Male,Madhya Pradesh,sanjay126@gmail.com,+91 9803205717,2022-05-18
CUST0301,Gaurav Banerjee,Retail,26,Other,Odisha,,+91 7795929175,2022-03-28
CUST0302,Suresh Joshi,Corporate,51,Male,Delhi,suresh639@yahoo.com,+91 8421547141,2023-08-24
CUST0303,Anil Agarwal,Distributor,51,Female,Punjab,anil267@yahoo.com,+91 7988055189,2021-03-07
CUST0304,Vikram Nair,Wholesale,51,Male,Odisha,vikram859@yahoo.com,+91 6042181691,2021-10-12
CUST0305,Priya Sharma,Retail,37,Female,Odisha,priya202@gmail.com,+91 8980901341,2020-07-11
CUST0306,Amit Kulkarni,Distributor,56,Male,Karnataka,amit78@yahoo.com,+91 8733074647,2023-02-19
CUST0307,Rajesh Reddy,Wholesale,35,Female,Telangana,rajesh850@yahoo.com,+91 8510272577,2021-09-18
CUST0308,Ramesh Mishra,Retail,52,Male,West Bengal,ramesh685@gmail.com,+91 6332757422,2023-04-28
CUST0309,Ramesh Nair,Retail,34,Female,Punjab,ramesh114@gmail.com,+91 9422592776,2022-12-05
CUST0310,Vijay Joshi,Retail,69,Female,Odisha,vijay902@outlook.com,,2022-08-27
CUST0311,Deepak Reddy,Retail,23,Male,Andhra Pradesh,deepak832@outlook.com,+91 6629176876,2020-10-20
CUST0312,Vijay Verma,Distributor,75,Male,Maharashtra,vijay150@outlook.com,+91 9467045308,2022-06-19
CUST0313,Suresh Chatterjee,Distributor,66,Male,Gujarat,suresh256@outlook.com,+91 7688981557,2022-02-11
CUST0314,Manoj Chawla,Corporate,71,Female,Rajasthan,manoj334@outlook.com,+91 6335864978,2023-05-24
CUST0315,Ramesh Singh,Retail,71,Female,Haryana,ramesh583@yahoo.com,+91 8104935573,2021-05-28
CUST0316,Pooja Agarwal,Wholesale,29,Male,Maharashtra,pooja896@yahoo.com,+91 9673796123,2022-08-12
CUST0317,Pooja Reddy,Retail,57,Female,Rajasthan,pooja907@gmail.com,+91 7642642085,2022-02-05
CUST0318,Rajesh Reddy,Wholesale,46,Male,Delhi,rajesh548@gmail.com,+91 6024114252,2023-04-15
CUST0319,Manoj Joshi,Distributor,50,Female,Andhra Pradesh,manoj23@outlook.com,+91 7172645601,2020-03-09
CUST0320,Alok Patel,Wholesale,62,Female,Odisha,alok269@yahoo.com,+91 8685515992,2020-04-27
CUST0321,Rohan Kulkarni,Retail,49,Male,Karnataka,rohan494@outlook.com,+91 9757825069,2023-08-19
CUST0322,Amit Agarwal,Wholesale,19,Female,Punjab,amit925@outlook.com,+91 6657953558,2020-12-28
CUST0323,Pooja Gupta,Corporate,21,Female,Uttar Pradesh,pooja662@outlook.com,+91 6267685864,2021-10-05
CUST0324,Anil Sharma,Retail,39,Male,Madhya Pradesh,anil698@yahoo.com,+91 9855748782,2020-12-12
CUST0325,Manoj Chatterjee,Retail,18,Female,West Bengal,manoj422@yahoo.com,+91 9597965706,2023-09-29
CUST0326,Gaurav Singh,Retail,64,Female,Telangana,gaurav95@gmail.com,+91 7904383663,2020-04-01
CUST0327,Gaurav Deshmukh,Corporate,29,Female,West Bengal,gaurav774@gmail.com,+91 7336441445,2021-07-14
CUST0328,Ananya Verma,Wholesale,54,Male,Andhra Pradesh,ananya484@gmail.com,+91 6499340130,2020-07-04
CUST0329,Vijay Sharma,Retail,67,Male,Karnataka,vijay817@gmail.com,+91 6934266427,2023-07-30
CUST0330,Deepak Chawla,Corporate,71,Male,West Bengal,deepak667@gmail.com,+91 9210094777,2020-09-28
CUST0331,Suresh Nair,Wholesale,35,Female,Karnataka,suresh588@yahoo.com,+91 7778042470,2021-04-07
CUST0332,Anil Nair,Retail,36,Male,Telangana,anil724@yahoo.com,+91 7136212738,2020-07-08
CUST0333,Manoj Chatterjee,Distributor,46,Male,Madhya Pradesh,,+91 9572255055,2020-12-15
CUST0334,Alok Singh,Distributor,52,Female,Punjab,alok225@outlook.com,+91 7863386166,2021-12-11
CUST0335,Suresh Reddy,Retail,39,Female,Odisha,suresh525@outlook.com,+91 9564211590,2021-07-04
CUST0336,Ramesh Reddy,Retail,47,Female,Telangana,ramesh42@gmail.com,+91 8220626154,2023-09-10
CUST0337,Ananya Mehta,Retail,41,Female,Punjab,ananya396@outlook.com,+91 8527119142,2020-03-10
CUST0338,Manoj Sharma,Distributor,28,Male,Haryana,manoj496@yahoo.com,+91 7445994529,2023-08-19
CUST0339,Manoj Chawla,Wholesale,28,Male,Uttar Pradesh,manoj569@gmail.com,+91 9230009441,2020-02-14
CUST0340,Neha Deshmukh,Distributor,64,Male,Haryana,neha494@gmail.com,+91 7084800363,2022-02-03
CUST0341,Alok Chawla,Corporate,20,Male,Andhra Pradesh,alok908@gmail.com,+91 9277803026,2022-11-04
CUST0342,Ramesh Bhatnagar,Retail,55,Female,Maharashtra,ramesh177@outlook.com,+91 6714616976,2021-09-07
CUST0343,Gaurav Reddy,Retail,54,Male,Kerala,gaurav152@gmail.com,,2021-11-13
CUST0344,Priya Chawla,Distributor,68,Female,Kerala,priya154@yahoo.com,,2022-03-21
CUST0345,Vikram Reddy,Retail,74,Female,Karnataka,vikram318@yahoo.com,+91 6345209162,2021-01-13
CUST0346,Priya Rao,Distributor,27,Female,West Bengal,priya578@yahoo.com,+91 6021237667,2022-09-04
CUST0347,Siddharth Bhatnagar,Distributor,62,Female,Tamil Nadu,siddharth944@yahoo.com,+91 8870914420,2022-02-09
CUST0348,Sunil Bhatnagar,Wholesale,26,Male,Delhi,sunil791@gmail.com,+91 7717486813,2021-10-31
CUST0349,Pooja Bhatnagar,Retail,52,Female,Gujarat,,+91 8877098418,2023-04-16
CUST0350,Sanjay Rao,Wholesale,41,Female,Delhi,sanjay358@outlook.com,+91 9535780913,2020-01-04
CUST0351,Priya Rao,Retail,26,Female,Uttar Pradesh,priya202@gmail.com,+91 6907236000,2021-09-10
CUST0352,Sanjay Deshmukh,Distributor,27,Female,Telangana,,+91 8900275149,2022-09-11
CUST0353,Pooja Nair,Retail,28,Other,Haryana,pooja708@outlook.com,+91 9583001311,2020-08-05
CUST0354,Sunil Bhatnagar,Retail,69,Female,Kerala,sunil22@gmail.com,+91 7370205303,2020-09-20
CUST0355,Ananya Sharma,Corporate,49,Female,West Bengal,ananya992@outlook.com,+91 7725302942,2022-05-15
CUST0356,Ramesh Gupta,Wholesale,56,Female,Kerala,ramesh831@yahoo.com,+91 8156338089,2022-02-02
CUST0357,Siddharth Agarwal,Corporate,25,Male,Kerala,siddharth193@yahoo.com,+91 8283684038,2022-02-24
CUST0358,Rajesh Mehta,Distributor,63,Male,Punjab,rajesh274@gmail.com,+91 8211462707,2023-06-12
CUST0359,Amit Kulkarni,Corporate,36,Male,Maharashtra,,+91 7976761769,2022-01-21
CUST0360,Manoj Joshi,Corporate,45,Female,Delhi,manoj701@yahoo.com,+91 9293525866,2020-02-18
CUST0361,Manoj Deshmukh,Retail,19,Female,Uttar Pradesh,manoj342@yahoo.com,+91 8731524909,2020-03-13
CUST0362,Amit Mishra,Retail,65,Female,Haryana,amit264@gmail.com,+91 6360978507,2022-12-31
CUST0363,Rohan Deshmukh,Distributor,75,Male,Telangana,rohan363@yahoo.com,+91 8959197951,2023-06-18
CUST0364,Gaurav Kulkarni,Retail,20,Male,Gujarat,gaurav344@yahoo.com,+91 6164443046,2020-10-27
CUST0365,Sunil Bhatnagar,Corporate,50,Male,Odisha,sunil90@yahoo.com,+91 9983326841,2023-07-28
CUST0366,Rajesh Nair,Corporate,65,Female,Telangana,rajesh748@outlook.com,+91 9189807397,2020-06-11
CUST0367,Sunil Reddy,Distributor,54,Female,Telangana,sunil320@outlook.com,+91 8207783164,2023-01-09
CUST0368,Amit Agarwal,Corporate,54,Female,Uttar Pradesh,amit230@yahoo.com,+91 7180200114,2021-01-15
CUST0369,Meena Bhatnagar,Wholesale,29,Female,West Bengal,meena301@yahoo.com,+91 6021694108,2022-04-13
CUST0370,Vikram Joshi,Distributor,35,Male,Uttar Pradesh,vikram623@outlook.com,,2020-07-17
CUST0371,Vijay Rao,Retail,22,Male,Punjab,vijay304@outlook.com,+91 9058161037,2023-06-01
CUST0372,Meena Mehta,Retail,52,Male,Haryana,meena497@outlook.com,+91 6053975819,2021-12-03
CUST0373,Ananya Singh,Corporate,47,Male,Madhya Pradesh,ananya770@yahoo.com,+91 6904680724,2022-12-26
CUST0374,Ramesh Bhatnagar,Retail,20,Female,West Bengal,ramesh882@outlook.com,+91 6337620993,2023-07-17
CUST0375,Priya Reddy,Corporate,65,Male,Rajasthan,priya388@yahoo.com,+91 7253370409,2021-10-07
CUST0376,Vikram Nair,Wholesale,57,Male,Delhi,vikram588@yahoo.com,+91 7784099319,2020-02-17
CUST0377,Rohan Rao,Corporate,42,Female,Andhra Pradesh,rohan560@gmail.com,+91 7625339507,2023-05-28
CUST0378,Alok Reddy,Retail,31,Female,Gujarat,alok594@yahoo.com,+91 6767177535,2020-11-21
CUST0379,Alok Mishra,Corporate,44,Male,Delhi,alok779@gmail.com,+91 7796069405,2023-05-12
CUST0380,Sunil Mehta,Retail,50,Male,Rajasthan,sunil555@yahoo.com,+91 6966793739,2022-04-07
CUST0381,Ananya Nair,Wholesale,73,Female,Karnataka,ananya419@yahoo.com,+91 6014333944,2022-12-26
CUST0382,Sanjay Gupta,Retail,42,Male,Punjab,sanjay678@yahoo.com,,2022-04-20
CUST0383,Deepak Singh,Corporate,57,Male,Punjab,deepak525@gmail.com,+91 8575125673,2023-03-14
CUST0384,Vijay Rao,Retail,28,Male,Punjab,vijay650@yahoo.com,,2020-07-05
CUST0385,Meena Bhatnagar,Retail,53,Male,Rajasthan,meena894@gmail.com,+91 9652049376,2020-11-26
CUST0386,Deepak Nair,Wholesale,48,Female,Andhra Pradesh,deepak739@gmail.com,+91 7386089888,2020-09-28
CUST0387,Anil Kulkarni,Wholesale,47,Female,Tamil Nadu,anil710@outlook.com,+91 7905475959,2021-05-10
CUST0388,Gaurav Gupta,Wholesale,69,Female,Punjab,gaurav867@yahoo.com,+91 9745578500,2020-11-22
CUST0389,Priya Sharma,Distributor,65,Male,Maharashtra,priya708@outlook.com,+91 7745245816,2022-11-30
CUST0390,Priya Deshmukh,Wholesale,34,Female,Andhra Pradesh,priya743@outlook.com,+91 6519613607,2023-05-28
CUST0391,Rajesh Kulkarni,Wholesale,48,Male,Madhya Pradesh,rajesh753@gmail.com,+91 7258266784,2022-03-26
CUST0392,Amit Agarwal,Corporate,43,Male,Odisha,amit959@outlook.com,+91 8702686308,2023-08-23
CUST0393,Sunil Singh,Wholesale,72,Male,Telangana,sunil786@outlook.com,+91 9236592231,2020-08-16
CUST0394,Vijay Singh,Corporate,33,Female,Kerala,vijay504@gmail.com,+91 7136051951,2020-07-17
CUST0395,Ananya Banerjee,Distributor,66,Male,Tamil Nadu,ananya785@yahoo.com,+91 7470781057,2021-08-27
CUST0396,Ananya Joshi,Retail,54,Male,Telangana,ananya618@gmail.com,+91 9269856261,2020-10-13
CUST0397,Deepak Agarwal,Distributor,54,Female,Delhi,deepak740@yahoo.com,+91 7317106394,2020-11-20
CUST0398,Ananya Chawla,Distributor,27,Female,Odisha,ananya834@outlook.com,+91 6552131297,2020-10-27
CUST0399,Ramesh Rao,Corporate,19,Female,Madhya Pradesh,ramesh226@outlook.com,+91 7301188571,2020-10-30
CUST0400,Gaurav Chatterjee,Retail,43,Female,Uttar Pradesh,gaurav643@gmail.com,+91 7478385903,2023-08-11
CUST0401,Vijay Chatterjee,Wholesale,41,Female,Haryana,vijay896@yahoo.com,+91 8784755893,2020-12-12
CUST0402,Rohan Bhatnagar,Retail,18,Male,West Bengal,rohan979@gmail.com,+91 7470455066,2021-04-05
CUST0403,Ramesh Gupta,Retail,59,Female,Tamil Nadu,ramesh375@yahoo.com,+91 7972771731,2023-03-12
CUST0404,Gaurav Rao,Corporate,65,Female,Tamil Nadu,gaurav382@outlook.com,+91 6141049023,2022-03-27
CUST0405,Gaurav Verma,Retail,35,Male,Rajasthan,gaurav994@outlook.com,+91 9636143436,2023-01-06
CUST0406,Amit Kulkarni,Distributor,54,Male,Rajasthan,amit263@gmail.com,+91 7099821171,2021-01-09
CUST0407,Deepak Rao,Wholesale,62,Male,Odisha,deepak477@gmail.com,+91 6172798513,2023-06-01
CUST0408,Anil Verma,Corporate,75,Female,Andhra Pradesh,anil145@outlook.com,+91 7300347998,2020-05-04
CUST0409,Neha Banerjee,Wholesale,47,Male,Gujarat,neha559@gmail.com,+91 7369486140,2023-07-22
CUST0410,Ananya Verma,Corporate,48,Male,Tamil Nadu,ananya112@outlook.com,+91 8531350085,2021-03-16
CUST0411,Rajesh Deshmukh,Distributor,73,Female,Andhra Pradesh,rajesh124@outlook.com,+91 9807563607,2022-06-25
CUST0412,Meena Kulkarni,Corporate,18,Male,Telangana,meena782@yahoo.com,+91 8582796412,2021-07-08
CUST0413,Gaurav Banerjee,Distributor,50,Male,Telangana,gaurav984@outlook.com,+91 7286932278,2021-06-25
CUST0414,Ramesh Mishra,Wholesale,50,Male,Telangana,ramesh650@yahoo.com,+91 6478760249,2021-01-08
CUST0415,Gaurav Banerjee,Retail,49,Male,Karnataka,gaurav193@gmail.com,+91 9266055533,2022-06-03
CUST0416,Ananya Mehta,Retail,58,Male,West Bengal,ananya561@gmail.com,+91 6831486336,2020-08-10
CUST0417,Gaurav Chawla,Retail,38,Female,Kerala,gaurav553@yahoo.com,+91 6442025646,2021-09-06
CUST0418,Vikram Mehta,Retail,28,Female,Tamil Nadu,vikram794@yahoo.com,+91 9375033100,2020-12-17
CUST0419,Sanjay Mehta,Distributor,51,Male,Uttar Pradesh,sanjay679@outlook.com,+91 9387649596,2022-05-03
CUST0420,Ramesh Banerjee,Corporate,72,Female,Madhya Pradesh,ramesh320@yahoo.com,+91 6622712398,2021-09-19
CUST0421,Vijay Kulkarni,Corporate,37,Female,Haryana,,+91 9275751159,2022-05-04
CUST0422,Amit Deshmukh,Wholesale,40,Female,West Bengal,,+91 7962326398,2021-07-15
CUST0423,Anil Joshi,Retail,36,Female,Madhya Pradesh,anil392@gmail.com,+91 7382317167,2022-05-25
CUST0424,Siddharth Reddy,Distributor,69,Male,Tamil Nadu,siddharth642@outlook.com,+91 7890228626,2021-07-15
CUST0425,Vijay Banerjee,Retail,64,Female,Punjab,vijay491@gmail.com,+91 9355348462,2023-09-12
CUST0426,Rohan Rao,Retail,35,Male,Punjab,,+91 6254763835,2020-07-26
CUST0427,Siddharth Agarwal,Retail,46,Female,Andhra Pradesh,siddharth301@gmail.com,+91 8026541115,2020-10-02
CUST0428,Pooja Singh,Distributor,73,Male,Karnataka,pooja613@yahoo.com,+91 8465689714,2021-02-13
CUST0429,Vijay Mishra,Retail,66,Male,West Bengal,vijay276@outlook.com,+91 8280745653,2021-08-19
CUST0430,Priya Mehta,Retail,72,Female,Delhi,priya936@yahoo.com,+91 9209513944,2021-03-15
CUST0431,Ananya Agarwal,Retail,39,Other,Tamil Nadu,ananya703@outlook.com,+91 7112507433,2021-06-06
CUST0432,Vikram Gupta,Retail,59,Male,Haryana,vikram447@yahoo.com,+91 9462022002,2022-09-23
CUST0433,Amit Chatterjee,Retail,41,Male,Maharashtra,amit589@yahoo.com,+91 6137799781,2022-10-29
CUST0434,Siddharth Banerjee,Corporate,36,Male,Punjab,siddharth351@outlook.com,+91 6288232993,2020-06-03
CUST0435,Sunil Mishra,Corporate,28,Male,Kerala,sunil535@gmail.com,+91 8464990141,2022-08-17
CUST0436,Priya Deshmukh,Wholesale,70,Male,Telangana,priya486@yahoo.com,+91 9819754010,2020-11-07
CUST0437,Neha Mehta,Corporate,47,Male,Rajasthan,neha809@outlook.com,+91 9175950536,2022-06-04
CUST0438,Suresh Sharma,Retail,57,Female,Madhya Pradesh,suresh409@gmail.com,+91 6036670023,2021-04-06
CUST0439,Deepak Mehta,Retail,52,Male,Uttar Pradesh,deepak679@outlook.com,+91 6860417440,2023-03-22
CUST0440,Neha Singh,Distributor,30,Male,Kerala,neha161@gmail.com,+91 7324918663,2021-01-06
CUST0441,Amit Singh,Retail,52,Female,Delhi,amit987@gmail.com,+91 7406434479,2021-10-07
CUST0442,Anil Chawla,Distributor,28,Male,Haryana,anil287@gmail.com,,2021-03-20
CUST0443,Ananya Gupta,Distributor,71,Male,Haryana,ananya36@yahoo.com,+91 9726024938,2021-03-03
CUST0444,Alok Reddy,Wholesale,31,Male,Kerala,alok399@outlook.com,+91 9498248368,2020-09-12
CUST0445,Neha Chatterjee,Retail,25,Female,Karnataka,neha784@gmail.com,+91 6516935049,2022-09-28
CUST0446,Vijay Deshmukh,Retail,30,Female,Tamil Nadu,vijay102@outlook.com,+91 7545580411,2022-09-05
CUST0447,Ananya Sharma,Retail,18,Female,Haryana,ananya832@yahoo.com,+91 7719311249,2020-07-23
CUST0448,Priya Deshmukh,Corporate,72,Female,West Bengal,priya317@gmail.com,+91 9011690926,2020-06-21
CUST0449,Rohan Sharma,Retail,35,Female,Odisha,rohan672@yahoo.com,+91 6194860493,2020-10-15
CUST0450,Rajesh Singh,Distributor,51,Female,Karnataka,rajesh153@outlook.com,+91 8017830180,2020-03-20
CUST0451,Suresh Agarwal,Retail,57,Male,Haryana,suresh853@gmail.com,+91 7800618432,2020-12-19
CUST0452,Vikram Nair,Retail,41,Female,Andhra Pradesh,,+91 9378235671,2020-11-28
CUST0453,Alok Agarwal,Corporate,71,Male,Telangana,alok646@yahoo.com,+91 6122312847,2020-02-22
CUST0454,Amit Singh,Retail,44,Male,Maharashtra,amit562@yahoo.com,+91 9274922425,2023-05-10
CUST0455,Sunil Sharma,Corporate,40,Female,Andhra Pradesh,sunil238@gmail.com,+91 7803383228,2020-05-15
CUST0456,Pooja Mishra,Corporate,46,Female,Karnataka,,+91 9476454427,2023-07-28
CUST0457,Ramesh Singh,Retail,38,Female,West Bengal,ramesh562@yahoo.com,+91 8635433037,2023-09-30
CUST0458,Neha Reddy,Wholesale,26,Male,Tamil Nadu,neha537@gmail.com,+91 9459370588,2020-10-19
CUST0459,Sunil Bhatnagar,Corporate,36,Male,Andhra Pradesh,sunil639@gmail.com,+91 7072791762,2021-04-08
CUST0460,Suresh Mehta,Retail,63,Male,Uttar Pradesh,suresh694@outlook.com,+91 8233026206,2022-11-24
CUST0461,Vikram Mehta,Retail,45,Female,Delhi,vikram687@gmail.com,+91 8488369016,2020-03-11
CUST0462,Amit Reddy,Retail,29,Female,Maharashtra,amit156@outlook.com,+91 6146518687,2021-05-02
CUST0463,Neha Banerjee,Wholesale,48,Female,Madhya Pradesh,neha362@gmail.com,+91 8700301424,2023-03-28
CUST0464,Ananya Joshi,Wholesale,52,Male,Uttar Pradesh,ananya130@outlook.com,+91 7199606663,2023-09-04
CUST0465,Vijay Nair,Corporate,34,Male,Delhi,vijay836@yahoo.com,+91 9315748215,2023-01-29
CUST0466,Vijay Chatterjee,Wholesale,34,Female,Gujarat,,+91 7831865907,2023-08-08
CUST0467,Sunil Rao,Corporate,47,Female,Madhya Pradesh,sunil123@gmail.com,+91 8364228175,2021-08-28
CUST0468,Ananya Deshmukh,Retail,53,Female,Gujarat,ananya999@outlook.com,+91 6784314188,2022-03-25
CUST0469,Gaurav Reddy,Wholesale,27,Male,Madhya Pradesh,gaurav706@gmail.com,+91 9332513925,2020-02-04
CUST0470,Gaurav Singh,Retail,54,Female,Madhya Pradesh,gaurav553@outlook.com,+91 6201842915,2022-12-27
CUST0471,Gaurav Nair,Retail,41,Male,Karnataka,gaurav112@outlook.com,+91 6711399124,2023-07-24
CUST0472,Vikram Mishra,Retail,57,Male,Haryana,vikram888@gmail.com,+91 7195810743,2020-04-10
CUST0473,Suresh Bhatnagar,Wholesale,75,Male,Rajasthan,suresh441@yahoo.com,+91 8010062518,2021-10-21
CUST0474,Rajesh Verma,Distributor,34,Female,Odisha,rajesh579@outlook.com,+91 7338334796,2021-03-03
CUST0475,Priya Patel,Wholesale,66,Female,Haryana,priya153@gmail.com,+91 8065587731,2020-11-24
CUST0476,Deepak Bhatnagar,Retail,68,Female,Karnataka,deepak671@yahoo.com,+91 7679330782,2023-04-26
CUST0477,Priya Rao,Retail,35,Female,Karnataka,priya924@yahoo.com,+91 6530305716,2023-04-14
CUST0478,Ananya Singh,Corporate,61,Female,Telangana,ananya788@yahoo.com,+91 6046252649,2023-07-28
CUST0479,Sunil Banerjee,Retail,32,Female,West Bengal,sunil458@yahoo.com,+91 9531495494,2020-09-12
CUST0480,Vikram Verma,Retail,74,Female,Kerala,vikram942@outlook.com,,2021-07-11
CUST0481,Ramesh Gupta,Wholesale,58,Female,Uttar Pradesh,ramesh446@outlook.com,+91 6723513037,2022-09-24
CUST0482,Sunil Verma,Retail,64,Male,Punjab,sunil992@outlook.com,+91 9715512087,2022-01-12
CUST0483,Rohan Deshmukh,Retail,44,Male,Maharashtra,rohan663@gmail.com,+91 9715864998,2021-07-27
CUST0484,Ramesh Chatterjee,Retail,39,Female,Haryana,,+91 7531848603,2020-06-19
CUST0485,Rohan Rao,Retail,55,Female,Uttar Pradesh,rohan236@outlook.com,+91 7863015211,2023-09-25
CUST0486,Rohan Mishra,Retail,56,Male,Madhya Pradesh,rohan589@yahoo.com,+91 8605446710,2022-11-28
CUST0487,Amit Gupta,Distributor,55,Female,Madhya Pradesh,amit822@outlook.com,+91 6423383833,2023-03-24
CUST0488,Deepak Agarwal,Retail,55,Male,West Bengal,deepak736@outlook.com,,2022-03-17
CUST0489,Ananya Kulkarni,Distributor,54,Male,Madhya Pradesh,ananya545@gmail.com,+91 7712372256,2023-07-10
CUST0490,Rajesh Reddy,Corporate,54,Female,Karnataka,rajesh34@outlook.com,+91 7412882099,2020-07-21
CUST0491,Rajesh Kulkarni,Retail,72,Male,Andhra Pradesh,rajesh269@yahoo.com,+91 9514865652,2023-10-30
CUST0492,Deepak Joshi,Retail,46,Female,Kerala,deepak58@yahoo.com,+91 7967973649,2023-07-24
CUST0493,Anil Mishra,Wholesale,67,Male,Madhya Pradesh,anil570@outlook.com,+91 7382468998,2022-04-01
CUST0494,Sanjay Banerjee,Wholesale,72,Female,Gujarat,sanjay351@yahoo.com,+91 8647429552,2023-01-07
CUST0495,Deepak Mehta,Retail,71,Female,Telangana,deepak113@outlook.com,+91 6388404545,2023-08-02
CUST0496,Sanjay Bhatnagar,Retail,30,Female,Telangana,sanjay886@outlook.com,+91 8084951645,2021-12-19
CUST0497,Manoj Nair,Wholesale,28,Male,Delhi,manoj26@gmail.com,+91 6815140795,2023-04-06
CUST0498,Siddharth Chawla,Corporate,66,Female,Rajasthan,siddharth561@gmail.com,+91 7709273414,2023-06-20
CUST0499,Priya Bhatnagar,Corporate,72,Female,Telangana,priya159@outlook.com,+91 7460993035,2022-12-27
CUST0500,Alok Gupta,Distributor,72,Male,Odisha,alok844@yahoo.com,+91 8634618966,2023-03-13
CUST0501,Deepak Kulkarni,Retail,70,Female,Maharashtra,deepak261@outlook.com,,2023-09-29
CUST0502,Deepak Rao,Retail,33,Female,Andhra Pradesh,deepak241@yahoo.com,+91 8782688061,2021-03-18
CUST0503,Rajesh Banerjee,Wholesale,71,Male,Uttar Pradesh,rajesh434@outlook.com,+91 8367498286,2023-03-09
CUST0504,Gaurav Bhatnagar,Wholesale,58,Male,Punjab,gaurav919@yahoo.com,+91 9207450571,2021-06-19
CUST0505,Ramesh Deshmukh,Distributor,41,Male,Delhi,ramesh931@gmail.com,+91 7375054073,2023-01-11
CUST0506,Vikram Mehta,Distributor,73,Female,Madhya Pradesh,vikram729@gmail.com,+91 9416891632,2023-01-07
CUST0507,Gaurav Banerjee,Retail,52,Male,Delhi,gaurav117@outlook.com,+91 6978498435,2021-12-14
CUST0508,Siddharth Rao,Wholesale,47,Female,Telangana,siddharth598@gmail.com,+91 7976710883,2023-06-21
CUST0509,Priya Nair,Retail,19,Female,Rajasthan,priya469@outlook.com,+91 8792920915,2020-04-27
CUST0510,Vikram Verma,Retail,61,Female,Delhi,vikram76@outlook.com,+91 7185799143,2023-03-12
CUST0511,Rajesh Banerjee,Retail,45,Male,Odisha,rajesh792@gmail.com,+91 7701863688,2021-03-16
CUST0512,Suresh Mehta,Distributor,32,Male,Punjab,suresh827@outlook.com,+91 7748661598,2020-10-22
CUST0513,Neha Mehta,Distributor,73,Female,Maharashtra,neha634@gmail.com,+91 9058505100,2022-01-03
CUST0514,Priya Verma,Retail,51,Female,Haryana,priya757@gmail.com,+91 9146305511,2021-02-02
CUST0515,Sanjay Nair,Distributor,19,Male,West Bengal,sanjay961@yahoo.com,+91 9129601443,2020-09-01
CUST0516,Alok Bhatnagar,Wholesale,69,Male,Haryana,alok400@outlook.com,+91 8037564969,2020-10-10
CUST0517,Suresh Agarwal,Distributor,29,Female,Odisha,suresh450@yahoo.com,+91 8146117090,2020-07-04
CUST0518,Deepak Agarwal,Wholesale,59,Female,West Bengal,deepak93@yahoo.com,,2020-07-11
CUST0519,Meena Patel,Corporate,53,Female,Maharashtra,,+91 6410127815,2020-12-11
CUST0520,Rajesh Sharma,Wholesale,38,Male,Haryana,rajesh323@gmail.com,+91 9436137783,2023-03-09
CUST0521,Sanjay Reddy,Wholesale,58,Male,Punjab,sanjay520@gmail.com,+91 8298726599,2021-03-23
CUST0522,Vikram Agarwal,Retail,54,Male,Karnataka,vikram922@yahoo.com,+91 9033825594,2020-12-29
CUST0523,Ananya Sharma,Retail,57,Male,Maharashtra,ananya967@outlook.com,+91 9814934012,2020-09-03
CUST0524,Suresh Gupta,Corporate,40,Female,West Bengal,suresh194@outlook.com,+91 8226892666,2020-12-08
CUST0525,Meena Singh,Corporate,57,Female,Andhra Pradesh,meena355@yahoo.com,+91 9988334416,2023-09-10
CUST0526,Ananya Gupta,Retail,60,Male,Rajasthan,ananya77@yahoo.com,+91 7057516190,2022-01-18
CUST0527,Rohan Reddy,Retail,68,Male,Haryana,rohan52@yahoo.com,+91 6251788933,2022-09-10
CUST0528,Neha Gupta,Retail,72,Male,Rajasthan,neha103@outlook.com,+91 8812362338,2021-10-18
CUST0529,Siddharth Chatterjee,Retail,43,Male,Kerala,siddharth569@outlook.com,+91 6862996739,2021-08-01
CUST0530,Anil Chawla,Retail,58,Male,Haryana,anil423@yahoo.com,+91 7619490213,2020-06-17
CUST0531,Vijay Mishra,Retail,48,Male,Punjab,vijay408@yahoo.com,+91 8137238456,2021-08-11
CUST0532,Gaurav Patel,Retail,30,Female,Gujarat,gaurav324@outlook.com,+91 9211997222,2023-03-15
CUST0533,Amit Mishra,Retail,19,Male,Maharashtra,amit999@yahoo.com,+91 7653138906,2021-01-20
CUST0534,Pooja Chatterjee,Retail,51,Male,Madhya Pradesh,pooja192@outlook.com,+91 7592676628,2023-10-26
CUST0535,Sunil Kulkarni,Corporate,29,Male,Andhra Pradesh,sunil236@outlook.com,+91 7375723254,2020-05-29
CUST0536,Neha Sharma,Retail,20,Male,Andhra Pradesh,neha400@gmail.com,,2020-08-26
CUST0537,Deepak Mehta,Distributor,29,Female,Haryana,,+91 7596799160,2022-04-03
CUST0538,Deepak Joshi,Retail,74,Male,Andhra Pradesh,deepak442@outlook.com,+91 8450449489,2023-07-06
CUST0539,Ramesh Deshmukh,Distributor,62,Male,Maharashtra,ramesh435@yahoo.com,+91 7619768584,2021-07-23
CUST0540,Rohan Joshi,Retail,56,Female,Maharashtra,rohan651@outlook.com,+91 7698524183,2020-03-26
CUST0541,Deepak Verma,Retail,58,Male,Gujarat,deepak128@gmail.com,+91 9874993108,2022-09-27
CUST0542,Sanjay Joshi,Retail,61,Female,Odisha,sanjay962@outlook.com,+91 7710275481,2021-08-06
CUST0543,Neha Joshi,Retail,24,Female,Kerala,neha132@yahoo.com,+91 9534231842,2021-02-17
CUST0544,Rohan Reddy,Corporate,26,Male,Rajasthan,rohan46@yahoo.com,,2020-08-11
CUST0545,Alok Nair,Wholesale,23,Female,Kerala,alok720@gmail.com,+91 7038316265,2022-06-11
CUST0546,Vikram Kulkarni,Distributor,56,Male,Kerala,vikram52@outlook.com,+91 8163028380,2021-01-22
CUST0547,Amit Sharma,Retail,27,Female,Delhi,amit890@yahoo.com,+91 9959271680,2020-12-25
CUST0548,Amit Bhatnagar,Wholesale,42,Male,Karnataka,amit979@yahoo.com,+91 8171512258,2020-05-10
CUST0549,Vijay Kulkarni,Retail,19,Female,Madhya Pradesh,vijay461@gmail.com,+91 9622471205,2021-05-18
CUST0550,Sanjay Singh,Retail,53,Female,Delhi,sanjay68@gmail.com,+91 8941033980,2020-05-13
CUST0551,Meena Nair,Retail,64,Male,Andhra Pradesh,meena339@yahoo.com,+91 6165055708,2020-10-20
CUST0552,Rajesh Bhatnagar,Wholesale,18,Male,Punjab,rajesh69@yahoo.com,+91 9301521737,2023-03-07
CUST0553,Amit Mishra,Corporate,22,Female,Maharashtra,amit674@yahoo.com,+91 8454538886,2023-08-13
CUST0554,Alok Kulkarni,Retail,65,Male,Tamil Nadu,alok709@yahoo.com,+91 8631133489,2021-05-27
CUST0555,Ananya Banerjee,Wholesale,75,Female,Karnataka,ananya475@outlook.com,+91 9777184575,2022-01-07
CUST0556,Sanjay Bhatnagar,Retail,34,Female,Andhra Pradesh,sanjay174@yahoo.com,+91 9178299775,2020-02-12
CUST0557,Amit Kulkarni,Retail,44,Male,Odisha,amit910@outlook.com,+91 9657953422,2021-04-09
CUST0558,Manoj Reddy,Wholesale,43,Male,Haryana,manoj914@yahoo.com,+91 7978182654,2022-07-15
CUST0559,Manoj Mehta,Wholesale,38,Male,West Bengal,manoj418@gmail.com,+91 9106582967,2022-12-21
CUST0560,Anil Reddy,Wholesale,73,Male,Odisha,anil685@outlook.com,+91 7560855124,2022-08-06
CUST0561,Pooja Agarwal,Wholesale,59,Female,Telangana,pooja228@yahoo.com,+91 6607014143,2022-08-21
CUST0562,Suresh Deshmukh,Corporate,21,Female,Tamil Nadu,suresh232@yahoo.com,+91 8369503711,2020-11-16
CUST0563,Pooja Nair,Wholesale,46,Male,Maharashtra,pooja720@gmail.com,+91 7657731417,2023-03-08
CUST0564,Neha Singh,Wholesale,59,Male,Haryana,neha598@gmail.com,+91 6647179669,2022-04-22
CUST0565,Vikram Banerjee,Retail,38,Female,Punjab,vikram965@outlook.com,+91 8278858569,2023-07-10
CUST0566,Priya Verma,Distributor,19,Male,Maharashtra,priya952@gmail.com,+91 7423818740,2020-07-03
CUST0567,Anil Singh,Wholesale,31,Male,Telangana,anil870@gmail.com,+91 7558815699,2023-06-30
CUST0568,Ananya Banerjee,Retail,39,Male,Odisha,ananya189@yahoo.com,+91 7302407938,2020-07-26
CUST0569,Vikram Nair,Corporate,44,Male,Gujarat,vikram555@outlook.com,+91 7759561728,2020-11-20
CUST0570,Ramesh Rao,Wholesale,25,Male,West Bengal,ramesh978@gmail.com,,2022-06-30
CUST0571,Alok Banerjee,Distributor,42,Male,Uttar Pradesh,alok184@gmail.com,+91 8517604057,2022-01-12
CUST0572,Sanjay Kulkarni,Corporate,75,Male,Maharashtra,sanjay513@outlook.com,+91 8434314470,2021-12-05
CUST0573,Manoj Verma,Retail,29,Female,Karnataka,manoj649@yahoo.com,+91 8909295558,2022-03-17
CUST0574,Anil Mehta,Distributor,36,Male,Odisha,anil821@gmail.com,+91 7523475792,2023-05-19
CUST0575,Meena Deshmukh,Retail,28,Female,Delhi,meena881@yahoo.com,+91 6824733128,2022-11-17
CUST0576,Rajesh Banerjee,Retail,38,Female,Andhra Pradesh,rajesh180@gmail.com,+91 8789173738,2021-05-04
CUST0577,Pooja Mehta,Distributor,20,Female,Telangana,pooja777@outlook.com,+91 7967470918,2023-09-12
CUST0578,Vikram Sharma,Retail,65,Male,Punjab,vikram29@yahoo.com,+91 7634970014,2021-02-12
CUST0579,Amit Joshi,Distributor,62,Male,Haryana,amit353@yahoo.com,+91 9449485925,2022-11-15
CUST0580,Pooja Mehta,Retail,26,Female,Delhi,pooja746@yahoo.com,+91 8372465431,2021-01-30
CUST0581,Ananya Verma,Wholesale,69,Female,West Bengal,ananya945@yahoo.com,,2022-11-08
CUST0582,Vikram Gupta,Wholesale,33,Male,Gujarat,vikram191@yahoo.com,+91 6278997515,2020-11-11
CUST0583,Priya Verma,Retail,18,Female,Odisha,priya23@outlook.com,+91 9465979544,2021-11-29
CUST0584,Vikram Kulkarni,Retail,58,Female,Madhya Pradesh,vikram348@outlook.com,+91 6454548152,2023-06-08
CUST0585,Anil Verma,Wholesale,29,Female,Gujarat,anil745@gmail.com,+91 6016497552,2022-06-05
CUST0586,Amit Verma,Retail,42,Female,Delhi,amit650@outlook.com,+91 6827376419,2022-09-01
CUST0587,Rohan Nair,Wholesale,48,Male,Telangana,rohan759@outlook.com,+91 8541813403,2020-05-05
CUST0588,Priya Nair,Retail,30,Male,Telangana,priya157@outlook.com,+91 8471470536,2021-01-22
CUST0589,Priya Reddy,Distributor,29,Female,Madhya Pradesh,priya339@gmail.com,+91 6697603957,2022-03-19
CUST0590,Meena Deshmukh,Retail,50,Male,West Bengal,meena302@gmail.com,+91 7831903673,2021-05-28
CUST0591,Gaurav Sharma,Retail,59,Male,Andhra Pradesh,gaurav709@yahoo.com,+91 7208814835,2020-11-26
CUST0592,Manoj Patel,Wholesale,57,Female,Kerala,manoj847@yahoo.com,+91 6343389545,2023-10-12
CUST0593,Rajesh Verma,Retail,38,Female,Punjab,rajesh799@yahoo.com,+91 8998213472,2023-10-26
CUST0594,Neha Joshi,Wholesale,64,Female,Madhya Pradesh,neha336@yahoo.com,+91 7538081585,2022-09-10
CUST0595,Rohan Mehta,Wholesale,52,Female,Odisha,,+91 8522129892,2020-12-15
CUST0596,Ananya Kulkarni,Wholesale,38,Male,Andhra Pradesh,ananya825@yahoo.com,+91 7991249311,2022-08-09
CUST0597,Alok Deshmukh,Distributor,19,Female,Madhya Pradesh,alok152@yahoo.com,+91 7638346838,2023-07-18
CUST0598,Pooja Nair,Wholesale,27,Female,Punjab,,+91 6931981239,2020-07-13
CUST0599,Ramesh Mehta,Retail,30,Female,Maharashtra,ramesh519@yahoo.com,+91 6679963519,2021-09-13
CUST0600,Ramesh Rao,Retail,30,Female,Uttar Pradesh,ramesh631@outlook.com,+91 8143776618,2022-06-05
CUST0601,Rohan Patel,Corporate,40,Female,Gujarat,rohan78@yahoo.com,+91 9032350445,2022-09-03
CUST0602,Gaurav Banerjee,Distributor,69,Female,Tamil Nadu,gaurav436@yahoo.com,+91 6055695360,2021-09-22
CUST0603,Suresh Deshmukh,Wholesale,57,Male,Gujarat,suresh623@gmail.com,+91 8274772408,2021-07-31
CUST0604,Vikram Agarwal,Corporate,54,Male,Uttar Pradesh,vikram74@gmail.com,+91 7920186287,2022-01-27
CUST0605,Vijay Rao,Corporate,73,Female,Andhra Pradesh,vijay330@outlook.com,+91 9933064374,2022-09-02
CUST0606,Neha Mehta,Wholesale,62,Male,Tamil Nadu,neha933@gmail.com,+91 7382261141,2023-07-19
CUST0607,Neha Rao,Corporate,70,Female,Madhya Pradesh,neha265@yahoo.com,+91 8419346566,2022-08-20
CUST0608,Sunil Bhatnagar,Retail,66,Male,Karnataka,sunil648@yahoo.com,+91 6349213787,2022-12-19
CUST0609,Ramesh Verma,Distributor,46,Male,Haryana,ramesh806@gmail.com,+91 9398528503,2021-07-19
CUST0610,Amit Banerjee,Wholesale,33,Male,Tamil Nadu,amit658@gmail.com,+91 7405375060,2021-12-30
CUST0611,Vikram Joshi,Retail,38,Male,Uttar Pradesh,vikram331@outlook.com,+91 9793373113,2023-01-03
CUST0612,Anil Gupta,Retail,36,Male,Odisha,anil72@outlook.com,+91 9800065495,2021-02-03
CUST0613,Deepak Bhatnagar,Wholesale,45,Female,Odisha,deepak848@gmail.com,+91 7280660525,2021-06-18
CUST0614,Rajesh Deshmukh,Corporate,23,Male,Delhi,rajesh486@gmail.com,+91 7918497883,2023-07-05
CUST0615,Ananya Mehta,Distributor,24,Female,Andhra Pradesh,ananya290@yahoo.com,+91 7185193869,2021-02-09
CUST0616,Sanjay Singh,Corporate,38,Female,Maharashtra,sanjay136@gmail.com,+91 9726905029,2021-10-30
CUST0617,Vijay Bhatnagar,Retail,53,Female,Maharashtra,vijay653@yahoo.com,+91 8775958983,2021-10-25
CUST0618,Amit Chawla,Retail,38,Female,Punjab,,+91 6169142142,2022-11-13
CUST0619,Vikram Banerjee,Retail,22,Female,Andhra Pradesh,vikram79@gmail.com,+91 6650987897,2020-07-28
CUST0620,Deepak Verma,Retail,66,Male,Delhi,deepak375@yahoo.com,+91 6348574061,2022-04-25
CUST0621,Alok Mishra,Retail,21,Male,Rajasthan,alok436@outlook.com,+91 9391858933,2022-03-21
CUST0622,Priya Reddy,Retail,46,Female,Karnataka,,+91 6976659053,2021-05-05
CUST0623,Rajesh Patel,Distributor,59,Male,Madhya Pradesh,,+91 8055971791,2020-03-27
CUST0624,Vikram Singh,Corporate,50,Female,Delhi,vikram340@yahoo.com,,2023-07-23
CUST0625,Suresh Banerjee,Corporate,19,Male,West Bengal,suresh741@outlook.com,+91 7782148209,2023-01-31
CUST0626,Amit Reddy,Retail,32,Male,Punjab,amit513@gmail.com,+91 7500582250,2020-06-14
CUST0627,Sanjay Bhatnagar,Retail,31,Male,Karnataka,sanjay559@gmail.com,+91 9930756926,2023-07-09
CUST0628,Siddharth Agarwal,Wholesale,50,Female,Haryana,siddharth173@gmail.com,+91 9239141799,2023-05-29
CUST0629,Ramesh Bhatnagar,Distributor,25,Male,West Bengal,ramesh302@yahoo.com,+91 6123770114,2022-07-01
CUST0630,Gaurav Bhatnagar,Retail,31,Male,Karnataka,gaurav125@gmail.com,+91 7664093921,2020-08-06
CUST0631,Anil Chawla,Wholesale,71,Male,Odisha,anil700@gmail.com,+91 9808141985,2023-04-29
CUST0632,Amit Rao,Wholesale,54,Male,Andhra Pradesh,,,2022-11-12
CUST0633,Sanjay Mehta,Distributor,31,Male,Uttar Pradesh,sanjay979@outlook.com,+91 7668902821,2021-11-01
CUST0634,Sanjay Banerjee,Retail,48,Female,Rajasthan,sanjay621@yahoo.com,+91 9414512630,2023-09-28
CUST0635,Meena Gupta,Retail,74,Male,Maharashtra,meena883@gmail.com,+91 8659773355,2020-04-12
CUST0636,Rajesh Chawla,Retail,46,Male,Haryana,,+91 6684992293,2020-07-18
CUST0637,Anil Deshmukh,Retail,65,Male,Andhra Pradesh,anil391@gmail.com,+91 7202499273,2022-05-05
CUST0638,Amit Gupta,Retail,37,Male,Karnataka,amit279@yahoo.com,+91 9994859674,2021-02-23
CUST0639,Rajesh Banerjee,Retail,29,Male,Maharashtra,rajesh125@gmail.com,+91 9113031079,2021-04-25
CUST0640,Siddharth Joshi,Wholesale,35,Male,Maharashtra,siddharth729@outlook.com,+91 8060403184,2020-05-09
CUST0641,Priya Bhatnagar,Corporate,61,Male,Haryana,priya40@gmail.com,+91 8136417395,2022-06-04
CUST0642,Rajesh Patel,Distributor,60,Male,Gujarat,rajesh992@yahoo.com,+91 9049004796,2021-07-30
CUST0643,Ramesh Sharma,Retail,60,Female,Telangana,ramesh996@gmail.com,+91 7008537790,2022-07-06
CUST0644,Amit Deshmukh,Wholesale,53,Female,Odisha,amit510@gmail.com,+91 9073346822,2020-04-06
CUST0645,Manoj Kulkarni,Wholesale,70,Male,Uttar Pradesh,manoj567@gmail.com,+91 7603171551,2023-09-10
CUST0646,Siddharth Singh,Retail,38,Female,Odisha,siddharth664@yahoo.com,+91 7748058782,2020-12-22
CUST0647,Manoj Chawla,Wholesale,27,Female,Madhya Pradesh,manoj698@yahoo.com,+91 8902155358,2023-01-15
CUST0648,Priya Joshi,Retail,74,Female,Karnataka,priya350@yahoo.com,+91 8772247376,2022-08-13
CUST0649,Sanjay Patel,Retail,39,Female,Rajasthan,sanjay950@outlook.com,+91 6622987129,2023-05-11
CUST0650,Sanjay Singh,Retail,70,Female,Kerala,sanjay220@outlook.com,+91 7702311064,2020-06-16
CUST0651,Gaurav Mishra,Retail,20,Male,Rajasthan,gaurav116@outlook.com,+91 6017353821,2021-06-05
CUST0652,Sanjay Rao,Wholesale,61,Female,Odisha,sanjay816@yahoo.com,+91 8101012094,2020-08-27
CUST0653,Manoj Mishra,Corporate,43,Female,Rajasthan,manoj682@yahoo.com,+91 6940904597,2023-03-27
CUST0654,Sunil Rao,Retail,58,Male,West Bengal,sunil474@gmail.com,+91 9583502868,2021-01-20
CUST0655,Gaurav Gupta,Corporate,49,Female,Karnataka,gaurav947@gmail.com,+91 8984733369,2021-09-19
CUST0656,Anil Mishra,Distributor,58,Male,Gujarat,,+91 6100955869,2020-02-03
CUST0657,Sanjay Verma,Retail,22,Female,Telangana,sanjay473@gmail.com,,2022-01-02
CUST0658,Meena Chawla,Retail,39,Male,Haryana,meena393@gmail.com,+91 7304753564,2022-05-27
CUST0659,Meena Patel,Corporate,61,Male,Uttar Pradesh,,+91 7372808348,2021-12-20
CUST0660,Alok Mishra,Retail,67,Male,Gujarat,alok442@outlook.com,+91 8521681465,2023-06-24
CUST0661,Rohan Sharma,Retail,42,Male,Maharashtra,rohan995@yahoo.com,+91 9260092664,2020-06-26
CUST0662,Priya Rao,Distributor,64,Male,Madhya Pradesh,priya742@outlook.com,+91 9961295113,2020-07-11
CUST0663,Deepak Banerjee,Corporate,20,Female,Delhi,deepak327@outlook.com,+91 9337892968,2022-07-13
CUST0664,Rajesh Singh,Corporate,55,Female,Madhya Pradesh,rajesh701@gmail.com,+91 8174518468,2022-06-29
CUST0665,Ramesh Bhatnagar,Retail,69,Male,Andhra Pradesh,ramesh558@outlook.com,+91 9110977657,2020-04-09
CUST0666,Gaurav Banerjee,Corporate,29,Female,Andhra Pradesh,,+91 9665991072,2020-11-29
CUST0667,Pooja Gupta,Retail,61,Male,Karnataka,pooja867@gmail.com,,2022-09-14
CUST0668,Sanjay Bhatnagar,Retail,20,Male,Telangana,sanjay197@gmail.com,+91 7460591282,2023-10-30
CUST0669,Ananya Gupta,Retail,24,Male,Karnataka,ananya152@gmail.com,+91 9179806481,2023-05-24
CUST0670,Manoj Deshmukh,Retail,19,Male,Odisha,manoj547@outlook.com,+91 7581786202,2023-07-24
CUST0671,Amit Joshi,Corporate,45,Other,Rajasthan,amit728@yahoo.com,+91 6287498895,2020-05-13
CUST0672,Manoj Banerjee,Retail,43,Male,Rajasthan,manoj951@gmail.com,+91 9893887076,2020-10-08
CUST0673,Neha Nair,Wholesale,60,Male,Tamil Nadu,neha466@outlook.com,+91 8344703800,2022-02-03
CUST0674,Sanjay Deshmukh,Distributor,25,Male,Rajasthan,sanjay50@gmail.com,+91 6869504394,2020-10-28
CUST0675,Alok Sharma,Distributor,41,Male,Maharashtra,alok532@gmail.com,+91 6484268641,2022-12-10
CUST0676,Rajesh Chawla,Retail,74,Male,Kerala,rajesh150@yahoo.com,+91 9954512358,2021-05-14
CUST0677,Anil Banerjee,Wholesale,48,Female,Uttar Pradesh,anil229@gmail.com,+91 6740529542,2022-03-05
CUST0678,Priya Singh,Retail,60,Female,Karnataka,priya888@outlook.com,+91 6624499465,2020-05-19
CUST0679,Priya Nair,Retail,33,Female,West Bengal,priya781@yahoo.com,+91 9606788757,2023-07-05
CUST0680,Ramesh Deshmukh,Retail,21,Female,Kerala,ramesh452@gmail.com,,2021-10-18
CUST0681,Manoj Bhatnagar,Distributor,46,Female,Punjab,manoj866@gmail.com,+91 9215249028,2020-09-17
CUST0682,Gaurav Deshmukh,Retail,59,Other,Madhya Pradesh,gaurav783@outlook.com,+91 6675534486,2021-05-09
CUST0683,Priya Deshmukh,Corporate,56,Male,Maharashtra,priya437@gmail.com,+91 8412425897,2020-06-22
CUST0684,Amit Agarwal,Retail,35,Male,Haryana,amit297@yahoo.com,+91 8792445389,2021-11-30
CUST0685,Vijay Chawla,Retail,72,Male,Uttar Pradesh,vijay533@yahoo.com,+91 7658260460,2023-04-22
CUST0686,Meena Singh,Wholesale,48,Male,Delhi,meena103@outlook.com,+91 8103140407,2021-12-02
CUST0687,Priya Joshi,Retail,58,Male,Telangana,priya966@yahoo.com,+91 9757029162,2021-08-14
CUST0688,Vijay Rao,Retail,54,Female,Tamil Nadu,vijay366@yahoo.com,+91 6823974612,2021-11-17
CUST0689,Ramesh Deshmukh,Wholesale,60,Male,West Bengal,ramesh202@outlook.com,+91 9824884808,2020-10-12
CUST0690,Anil Agarwal,Retail,63,Female,Rajasthan,anil576@yahoo.com,+91 6878168279,2022-08-05
CUST0691,Suresh Rao,Wholesale,31,Female,Punjab,suresh818@outlook.com,+91 9566494740,2021-11-21
CUST0692,Rohan Agarwal,Corporate,33,Male,Haryana,rohan505@outlook.com,+91 7162821567,2023-03-09
CUST0693,Ramesh Verma,Corporate,34,Female,Gujarat,ramesh999@yahoo.com,,2023-02-01
CUST0694,Anil Joshi,Retail,49,Male,Uttar Pradesh,anil967@outlook.com,+91 8506472495,2021-07-21
CUST0695,Ramesh Patel,Retail,45,Female,West Bengal,ramesh511@outlook.com,+91 6464196524,2022-09-02
CUST0696,Vikram Nair,Distributor,25,Male,Delhi,vikram788@gmail.com,+91 6176242312,2020-05-23
CUST0697,Ramesh Singh,Wholesale,68,Male,Gujarat,ramesh957@outlook.com,+91 8949458272,2022-05-16
CUST0698,Neha Patel,Retail,18,Male,Gujarat,neha355@outlook.com,+91 9090538024,2021-07-21
CUST0699,Deepak Joshi,Retail,53,Male,Delhi,deepak870@gmail.com,+91 6651558991,2020-02-17
CUST0700,Deepak Nair,Distributor,69,Male,Madhya Pradesh,,+91 8326632207,2023-06-16
CUST0701,Neha Joshi,Retail,69,Male,Uttar Pradesh,neha137@gmail.com,+91 7057390673,2022-04-12
CUST0702,Sanjay Nair,Retail,32,Female,Telangana,sanjay119@gmail.com,+91 7025512512,2023-10-06
CUST0703,Meena Bhatnagar,Wholesale,46,Male,Tamil Nadu,meena247@gmail.com,+91 9639049378,2020-06-16
CUST0704,Vikram Bhatnagar,Retail,72,Female,Punjab,vikram778@yahoo.com,+91 6098898442,2023-01-13
CUST0705,Rohan Deshmukh,Wholesale,68,Female,Andhra Pradesh,rohan546@yahoo.com,+91 7383323148,2020-02-12
CUST0706,Ananya Reddy,Retail,41,Female,Karnataka,ananya730@gmail.com,+91 8581075812,2023-10-31
CUST0707,Anil Reddy,Retail,38,Female,Delhi,anil424@yahoo.com,+91 7068440372,2021-08-18
CUST0708,Rohan Sharma,Corporate,61,Male,Andhra Pradesh,rohan586@gmail.com,+91 8772303698,2020-05-12
CUST0709,Alok Agarwal,Wholesale,41,Male,Haryana,alok30@yahoo.com,+91 7873859223,2022-07-01
CUST0710,Ramesh Agarwal,Retail,32,Male,Telangana,ramesh385@yahoo.com,+91 8055273936,2020-11-19
CUST0711,Gaurav Chatterjee,Distributor,69,Female,Tamil Nadu,,+91 7638289861,2022-01-16
CUST0712,Sanjay Verma,Retail,57,Male,Odisha,sanjay576@gmail.com,+91 7075421686,2020-06-11
CUST0713,Vikram Chawla,Distributor,27,Male,Madhya Pradesh,vikram456@yahoo.com,+91 9740953930,2021-01-15
CUST0714,Gaurav Verma,Distributor,32,Female,Madhya Pradesh,gaurav104@outlook.com,+91 6223967679,2023-03-18
CUST0715,Sanjay Chawla,Retail,53,Female,Uttar Pradesh,sanjay974@yahoo.com,+91 9843660761,2020-12-09
CUST0716,Anil Verma,Corporate,22,Male,Kerala,anil113@yahoo.com,+91 9510232792,2021-01-01
CUST0717,Siddharth Agarwal,Distributor,64,Male,Karnataka,siddharth166@outlook.com,+91 6802328719,2021-05-18
CUST0718,Sanjay Joshi,Wholesale,50,Male,Madhya Pradesh,sanjay31@outlook.com,+91 8166852857,2020-04-26
CUST0719,Rohan Singh,Corporate,72,Male,Karnataka,rohan257@outlook.com,+91 9583204985,2022-01-22
CUST0720,Deepak Kulkarni,Corporate,29,Female,Odisha,deepak122@outlook.com,+91 7066074462,2020-11-27
CUST0721,Priya Bhatnagar,Wholesale,26,Female,Maharashtra,priya304@yahoo.com,+91 8271578366,2022-09-30
CUST0722,Siddharth Bhatnagar,Corporate,74,Male,Rajasthan,siddharth487@outlook.com,+91 8231906168,2021-12-25
CUST0723,Alok Joshi,Retail,51,Male,Andhra Pradesh,alok427@gmail.com,,2022-10-20
CUST0724,Priya Agarwal,Retail,71,Female,Telangana,priya128@outlook.com,+91 9883359989,2022-04-24
CUST0725,Rajesh Mehta,Retail,49,Male,Tamil Nadu,rajesh778@gmail.com,+91 6925867958,2022-06-10
CUST0726,Ananya Singh,Retail,59,Female,Kerala,,+91 7050084221,2020-10-18
CUST0727,Ananya Joshi,Distributor,49,Male,Haryana,ananya487@outlook.com,+91 7998038987,2022-01-30
CUST0728,Pooja Patel,Retail,33,Female,Karnataka,pooja928@outlook.com,,2020-07-26
CUST0729,Ananya Bhatnagar,Retail,74,Female,West Bengal,ananya903@yahoo.com,+91 6335537774,2023-05-10
CUST0730,Siddharth Banerjee,Retail,20,Female,Andhra Pradesh,siddharth899@yahoo.com,+91 6291008326,2021-12-22
CUST0731,Gaurav Nair,Wholesale,18,Male,Gujarat,gaurav159@outlook.com,,2023-02-24
CUST0732,Anil Chatterjee,Retail,41,Female,Maharashtra,anil469@yahoo.com,+91 7434694875,2023-06-09
CUST0733,Suresh Agarwal,Distributor,21,Male,Kerala,suresh539@outlook.com,+91 6529559985,2022-06-16
CUST0734,Gaurav Patel,Wholesale,60,Female,Kerala,gaurav571@outlook.com,+91 9216661292,2023-03-05
CUST0735,Vikram Bhatnagar,Retail,39,Male,West Bengal,vikram741@yahoo.com,+91 9141553096,2023-07-24
CUST0736,Anil Verma,Retail,57,Female,Haryana,,,2020-03-26
CUST0737,Vikram Reddy,Retail,44,Male,Punjab,vikram208@yahoo.com,+91 9433704659,2020-11-06
CUST0738,Anil Sharma,Corporate,22,Female,Karnataka,anil889@gmail.com,+91 7140346831,2022-09-15
CUST0739,Sanjay Banerjee,Distributor,25,Male,Gujarat,sanjay695@yahoo.com,+91 9486181049,2021-12-02
CUST0740,Rohan Joshi,Distributor,54,Female,Rajasthan,rohan571@outlook.com,+91 7419915613,2023-07-17
CUST0741,Neha Chatterjee,Distributor,61,Female,Telangana,neha835@outlook.com,,2021-05-17
CUST0742,Rohan Joshi,Retail,39,Male,Rajasthan,,+91 9110745113,2022-04-08
CUST0743,Ramesh Gupta,Wholesale,70,Male,Karnataka,ramesh578@gmail.com,+91 9627049180,2021-03-24
CUST0744,Vikram Gupta,Retail,62,Female,Rajasthan,vikram527@yahoo.com,+91 7772296886,2022-03-29
CUST0745,Priya Rao,Retail,28,Female,Punjab,priya502@outlook.com,,2021-10-04
CUST0746,Alok Deshmukh,Distributor,27,Male,Haryana,alok494@gmail.com,+91 7433599297,2022-01-28
CUST0747,Rohan Bhatnagar,Retail,55,Male,Tamil Nadu,rohan425@yahoo.com,+91 9648360242,2021-04-26
CUST0748,Sanjay Mehta,Wholesale,28,Male,Punjab,sanjay344@outlook.com,+91 7618548311,2020-06-18
CUST0749,Rajesh Singh,Retail,52,Male,Haryana,rajesh514@gmail.com,,2023-08-20
CUST0750,Rohan Nair,Retail,20,Female,Karnataka,rohan308@yahoo.com,+91 8915164919,2022-01-01
CUST0751,Sanjay Chawla,Distributor,39,Female,Gujarat,sanjay49@outlook.com,+91 6353672474,2020-03-21
CUST0752,Anil Nair,Distributor,75,Female,Haryana,anil853@yahoo.com,+91 6461874216,2021-07-01
CUST0753,Gaurav Verma,Retail,71,Male,Punjab,gaurav301@gmail.com,+91 6278926002,2022-08-04
CUST0754,Gaurav Gupta,Wholesale,49,Male,Punjab,gaurav239@outlook.com,+91 7218469455,2020-03-06
CUST0755,Sanjay Banerjee,Distributor,69,Male,Uttar Pradesh,sanjay377@outlook.com,+91 7315972666,2021-08-24
CUST0756,Pooja Rao,Distributor,68,Female,Madhya Pradesh,pooja326@outlook.com,+91 7402777787,2021-03-07
CUST0757,Vikram Patel,Wholesale,23,Female,Maharashtra,vikram611@gmail.com,+91 6634280645,2020-08-08
CUST0758,Priya Chawla,Distributor,67,Female,Delhi,priya714@yahoo.com,+91 8487947015,2021-05-04
CUST0759,Sunil Mishra,Retail,64,Male,Punjab,sunil319@outlook.com,+91 6900963342,2022-08-27
CUST0760,Alok Reddy,Retail,40,Male,Gujarat,alok60@gmail.com,+91 9612588697,2021-05-31
CUST0761,Ananya Bhatnagar,Retail,68,Female,Odisha,ananya893@yahoo.com,+91 7931069888,2020-09-29
CUST0762,Pooja Mehta,Retail,66,Female,Punjab,pooja898@outlook.com,+91 6790110281,2020-01-16
CUST0763,Ramesh Deshmukh,Retail,23,Female,Uttar Pradesh,ramesh906@yahoo.com,+91 6636375771,2020-03-27
CUST0764,Meena Banerjee,Retail,35,Male,Andhra Pradesh,,,2022-05-05
CUST0765,Manoj Mehta,Retail,69,Female,Punjab,manoj391@yahoo.com,+91 6011756664,2020-08-02
CUST0766,Gaurav Reddy,Wholesale,31,Female,Karnataka,gaurav350@outlook.com,+91 8828947366,2022-10-31
CUST0767,Gaurav Reddy,Corporate,45,Female,Kerala,gaurav982@outlook.com,+91 9437174078,2020-03-21
CUST0768,Siddharth Chawla,Corporate,52,Male,Kerala,,+91 7221856644,2021-11-12
CUST0769,Priya Banerjee,Wholesale,71,Male,Andhra Pradesh,priya437@yahoo.com,+91 9926051965,2023-05-31
CUST0770,Neha Rao,Wholesale,46,Female,Telangana,neha317@outlook.com,+91 9660019631,2020-03-20
CUST0771,Neha Joshi,Wholesale,43,Male,Telangana,neha14@outlook.com,+91 6984496053,2020-03-24
CUST0772,Deepak Bhatnagar,Retail,18,Male,Haryana,deepak58@gmail.com,+91 9446243860,2021-07-14
CUST0773,Pooja Sharma,Distributor,50,Female,Madhya Pradesh,pooja985@outlook.com,+91 9412908654,2023-08-03
CUST0774,Amit Banerjee,Distributor,55,Female,Tamil Nadu,amit556@outlook.com,+91 8372364953,2021-08-11
CUST0775,Alok Mishra,Retail,64,Other,Delhi,,+91 8817938939,2021-02-14
CUST0776,Vijay Rao,Distributor,48,Female,Maharashtra,vijay111@gmail.com,+91 9998966649,2021-06-12
CUST0777,Ramesh Deshmukh,Retail,28,Male,Andhra Pradesh,ramesh446@gmail.com,+91 9131726070,2020-12-01
CUST0778,Suresh Chawla,Distributor,52,Female,Odisha,suresh571@outlook.com,+91 6294590834,2020-06-05
CUST0779,Rajesh Rao,Retail,22,Male,Kerala,rajesh798@yahoo.com,+91 6768672336,2020-08-20
CUST0780,Gaurav Mishra,Corporate,47,Female,Rajasthan,gaurav135@yahoo.com,+91 8869031169,2023-06-12
CUST0781,Priya Agarwal,Distributor,29,Female,Haryana,priya835@gmail.com,+91 8342064770,2021-05-27
CUST0782,Meena Verma,Retail,22,Female,Karnataka,meena159@yahoo.com,+91 6688654315,2022-12-05
CUST0783,Rohan Agarwal,Retail,19,Female,Delhi,rohan883@yahoo.com,+91 9404471597,2022-06-04
CUST0784,Alok Reddy,Retail,28,Female,Tamil Nadu,alok645@outlook.com,+91 8076286511,2023-04-15
CUST0785,Deepak Banerjee,Retail,53,Male,Kerala,deepak478@yahoo.com,+91 7383898602,2023-08-08
CUST0786,Amit Kulkarni,Distributor,30,Female,Maharashtra,amit594@yahoo.com,+91 6073535536,2023-09-23
CUST0787,Pooja Sharma,Retail,38,Female,Madhya Pradesh,pooja484@gmail.com,+91 6575867556,2020-07-15
CUST0788,Sunil Singh,Distributor,48,Male,Uttar Pradesh,sunil576@outlook.com,+91 9117732563,2021-11-28
CUST0789,Vijay Rao,Corporate,37,Female,Rajasthan,vijay851@yahoo.com,,2020-03-20
CUST0790,Suresh Singh,Retail,62,Female,Telangana,suresh845@yahoo.com,+91 6657287886,2021-07-28
CUST0791,Priya Chatterjee,Corporate,41,Male,Gujarat,priya520@yahoo.com,,2021-09-06
CUST0792,Suresh Mehta,Distributor,29,Male,Odisha,suresh105@gmail.com,+91 8254661742,2023-05-19
CUST0793,Sunil Gupta,Retail,34,Female,Kerala,sunil351@yahoo.com,+91 9815684991,2020-09-10
CUST0794,Priya Rao,Retail,21,Male,Telangana,priya328@outlook.com,+91 9242015827,2023-01-13
CUST0795,Siddharth Mishra,Distributor,37,Male,Andhra Pradesh,siddharth575@outlook.com,+91 7277950614,2020-07-24
CUST0796,Amit Chawla,Distributor,74,Male,Haryana,amit105@outlook.com,+91 7431368938,2021-07-05
CUST0797,Sunil Sharma,Wholesale,24,Female,Andhra Pradesh,sunil498@gmail.com,+91 8015297930,2022-01-09
CUST0798,Sanjay Mishra,Wholesale,75,Male,Kerala,sanjay263@gmail.com,+91 7434788933,2020-12-10
CUST0799,Sunil Sharma,Wholesale,48,Female,Tamil Nadu,sunil756@outlook.com,+91 6544006678,2020-12-12
CUST0800,Gaurav Rao,Wholesale,44,Female,Maharashtra,gaurav707@outlook.com,+91 9758408817,2021-07-13
